ISO-10303-21;
HEADER;
FILE_DESCRIPTION(('Open CASCADE Model'),'2;1');
FILE_NAME('Open CASCADE Shape Model','2026-09-09T14:53:26',('Author'),(
    'Open CASCADE'),'Open CASCADE STEP processor 7.9','build123d',
  'Unknown');
FILE_SCHEMA(('AUTOMOTIVE_DESIGN { 1 0 10303 214 1 1 1 1 }'));
ENDSEC;
DATA;
#1 = APPLICATION_PROTOCOL_DEFINITION('international standard',
  'automotive_design',2000,#2);
#2 = APPLICATION_CONTEXT(
  'core data for automotive mechanical design processes');
#3 = SHAPE_DEFINITION_REPRESENTATION(#4,#10);
#4 = PRODUCT_DEFINITION_SHAPE('','',#5);
#5 = PRODUCT_DEFINITION('design','',#6,#9);
#6 = PRODUCT_DEFINITION_FORMATION('','',#7);
#7 = PRODUCT('=>[0:1:1:2]','=>[0:1:1:2]','',(#8));
#8 = PRODUCT_CONTEXT('',#2,'mechanical');
#9 = PRODUCT_DEFINITION_CONTEXT('part definition',#2,'design');
#10 = SHAPE_REPRESENTATION('',(#11,#15),#19);
#11 = AXIS2_PLACEMENT_3D('',#12,#13,#14);
#12 = CARTESIAN_POINT('',(0.,0.,0.));
#13 = DIRECTION('',(0.,0.,1.));
#14 = DIRECTION('',(1.,0.,-0.));
#15 = AXIS2_PLACEMENT_3D('',#16,#17,#18);
#16 = CARTESIAN_POINT('',(0.,0.,16.168332653378));
#17 = DIRECTION('',(0.,6.975647374413E-02,-0.99756405026));
#18 = DIRECTION('',(1.,-0.,0.));
#19 = ( GEOMETRIC_REPRESENTATION_CONTEXT(3) 
GLOBAL_UNCERTAINTY_ASSIGNED_CONTEXT((#23)) GLOBAL_UNIT_ASSIGNED_CONTEXT(
(#20,#21,#22)) REPRESENTATION_CONTEXT('Context #1',
  '3D Context with UNIT and UNCERTAINTY') );
#20 = ( LENGTH_UNIT() NAMED_UNIT(*) SI_UNIT(.MILLI.,.METRE.) );
#21 = ( NAMED_UNIT(*) PLANE_ANGLE_UNIT() SI_UNIT($,.RADIAN.) );
#22 = ( NAMED_UNIT(*) SI_UNIT($,.STERADIAN.) SOLID_ANGLE_UNIT() );
#23 = UNCERTAINTY_MEASURE_WITH_UNIT(LENGTH_MEASURE(2.E-07),#20,
  'distance_accuracy_value','confusion accuracy');
#24 = PRODUCT_RELATED_PRODUCT_CATEGORY('part',$,(#7));
#25 = SHAPE_DEFINITION_REPRESENTATION(#26,#32);
#26 = PRODUCT_DEFINITION_SHAPE('','',#27);
#27 = PRODUCT_DEFINITION('design','',#28,#31);
#28 = PRODUCT_DEFINITION_FORMATION('','',#29);
#29 = PRODUCT('COMPOUND','COMPOUND','',(#30));
#30 = PRODUCT_CONTEXT('',#2,'mechanical');
#31 = PRODUCT_DEFINITION_CONTEXT('part definition',#2,'design');
#32 = ADVANCED_BREP_SHAPE_REPRESENTATION('',(#11,#33),#3620);
#33 = MANIFOLD_SOLID_BREP('',#34);
#34 = CLOSED_SHELL('',(#35,#322,#398,#447,#1245,#1784,#1833,#1882,#2033,
    #2139,#2192,#2265,#2425,#2474,#2523,#2550,#2599,#2648,#2675,#2724,
    #2773,#2800,#2849,#2898,#2925,#2974,#3023,#3050,#3099,#3148,#3175,
    #3224,#3273,#3300,#3307,#3314,#3321,#3328,#3335,#3342,#3349,#3398,
    #3445,#3492,#3519,#3546,#3557,#3583,#3615));
#35 = ADVANCED_FACE('',(#36),#50,.F.);
#36 = FACE_BOUND('',#37,.F.);
#37 = EDGE_LOOP('',(#38,#73,#101,#128,#156,#184,#212,#240,#268,#296));
#38 = ORIENTED_EDGE('',*,*,#39,.T.);
#39 = EDGE_CURVE('',#40,#42,#44,.T.);
#40 = VERTEX_POINT('',#41);
#41 = CARTESIAN_POINT('',(-35.,-69.7598969677,18.87808719646));
#42 = VERTEX_POINT('',#43);
#43 = CARTESIAN_POINT('',(-35.,-70.,18.894876836046));
#44 = SURFACE_CURVE('',#45,(#49,#61),.PCURVE_S1.);
#45 = LINE('',#46,#47);
#46 = CARTESIAN_POINT('',(-35.,-14.,14.978975367209));
#47 = VECTOR('',#48,1.);
#48 = DIRECTION('',(0.,-0.99756405026,6.975647374413E-02));
#49 = PCURVE('',#50,#55);
#50 = PLANE('',#51);
#51 = AXIS2_PLACEMENT_3D('',#52,#53,#54);
#52 = CARTESIAN_POINT('',(-35.,-69.82948351818,17.882953162089));
#53 = DIRECTION('',(1.,0.,-0.));
#54 = DIRECTION('',(0.,6.975647374413E-02,0.99756405026));
#55 = DEFINITIONAL_REPRESENTATION('',(#56),#60);
#56 = LINE('',#57,#58);
#57 = CARTESIAN_POINT('',(0.99756405026,-55.89605695311));
#58 = VECTOR('',#59,1.);
#59 = DIRECTION('',(-4.861167905964E-18,1.));
#60 = ( GEOMETRIC_REPRESENTATION_CONTEXT(2) 
PARAMETRIC_REPRESENTATION_CONTEXT() REPRESENTATION_CONTEXT('2D SPACE',''
  ) );
#61 = PCURVE('',#62,#67);
#62 = PLANE('',#63);
#63 = AXIS2_PLACEMENT_3D('',#64,#65,#66);
#64 = CARTESIAN_POINT('',(-33.8,-14.,14.978975367209));
#65 = DIRECTION('',(-0.,6.975647374413E-02,0.99756405026));
#66 = DIRECTION('',(0.,-0.99756405026,6.975647374413E-02));
#67 = DEFINITIONAL_REPRESENTATION('',(#68),#72);
#68 = LINE('',#69,#70);
#69 = CARTESIAN_POINT('',(0.,-1.2));
#70 = VECTOR('',#71,1.);
#71 = DIRECTION('',(1.,0.));
#72 = ( GEOMETRIC_REPRESENTATION_CONTEXT(2) 
PARAMETRIC_REPRESENTATION_CONTEXT() REPRESENTATION_CONTEXT('2D SPACE',''
  ) );
#73 = ORIENTED_EDGE('',*,*,#74,.T.);
#74 = EDGE_CURVE('',#42,#75,#77,.T.);
#75 = VERTEX_POINT('',#76);
#76 = CARTESIAN_POINT('',(-35.,-70.,5.75));
#77 = SURFACE_CURVE('',#78,(#82,#89),.PCURVE_S1.);
#78 = LINE('',#79,#80);
#79 = CARTESIAN_POINT('',(-35.,-70.,18.894876836046));
#80 = VECTOR('',#81,1.);
#81 = DIRECTION('',(0.,0.,-1.));
#82 = PCURVE('',#50,#83);
#83 = DEFINITIONAL_REPRESENTATION('',(#84),#88);
#84 = LINE('',#85,#86);
#85 = CARTESIAN_POINT('',(0.99756405026,0.240689339426));
#86 = VECTOR('',#87,1.);
#87 = DIRECTION('',(-0.99756405026,-6.975647374413E-02));
#88 = ( GEOMETRIC_REPRESENTATION_CONTEXT(2) 
PARAMETRIC_REPRESENTATION_CONTEXT() REPRESENTATION_CONTEXT('2D SPACE',''
  ) );
#89 = PCURVE('',#90,#95);
#90 = PLANE('',#91);
#91 = AXIS2_PLACEMENT_3D('',#92,#93,#94);
#92 = CARTESIAN_POINT('',(-33.8,-70.,18.894876836046));
#93 = DIRECTION('',(0.,-1.,0.));
#94 = DIRECTION('',(0.,0.,-1.));
#95 = DEFINITIONAL_REPRESENTATION('',(#96),#100);
#96 = LINE('',#97,#98);
#97 = CARTESIAN_POINT('',(0.,-1.2));
#98 = VECTOR('',#99,1.);
#99 = DIRECTION('',(1.,0.));
#100 = ( GEOMETRIC_REPRESENTATION_CONTEXT(2) 
PARAMETRIC_REPRESENTATION_CONTEXT() REPRESENTATION_CONTEXT('2D SPACE',''
  ) );
#101 = ORIENTED_EDGE('',*,*,#102,.T.);
#102 = EDGE_CURVE('',#75,#103,#105,.T.);
#103 = VERTEX_POINT('',#104);
#104 = CARTESIAN_POINT('',(-35.,-14.,5.75));
#105 = SURFACE_CURVE('',#106,(#110,#117),.PCURVE_S1.);
#106 = LINE('',#107,#108);
#107 = CARTESIAN_POINT('',(-35.,-42.,5.75));
#108 = VECTOR('',#109,1.);
#109 = DIRECTION('',(2.22044604925E-16,1.,0.));
#110 = PCURVE('',#50,#111);
#111 = DEFINITIONAL_REPRESENTATION('',(#112),#116);
#112 = LINE('',#113,#114);
#113 = CARTESIAN_POINT('',(-10.16211126163,-28.60804432373));
#114 = VECTOR('',#115,1.);
#115 = DIRECTION('',(6.975647374413E-02,-0.99756405026));
#116 = ( GEOMETRIC_REPRESENTATION_CONTEXT(2) 
PARAMETRIC_REPRESENTATION_CONTEXT() REPRESENTATION_CONTEXT('2D SPACE',''
  ) );
#117 = PCURVE('',#118,#123);
#118 = CYLINDRICAL_SURFACE('',#119,0.75);
#119 = AXIS2_PLACEMENT_3D('',#120,#121,#122);
#120 = CARTESIAN_POINT('',(-35.,-42.,5.));
#121 = DIRECTION('',(2.22044604925E-16,1.,0.));
#122 = DIRECTION('',(-1.,2.22044604925E-16,0.));
#123 = DEFINITIONAL_REPRESENTATION('',(#124),#127);
#124 = B_SPLINE_CURVE_WITH_KNOTS('',1,(#125,#126),.UNSPECIFIED.,.F.,.F.,
  (2,2),(-29.0000006,29.0000006),.PIECEWISE_BEZIER_KNOTS.);
#125 = CARTESIAN_POINT('',(1.570796326795,-29.0000006));
#126 = CARTESIAN_POINT('',(1.570796326795,29.0000006));
#127 = ( GEOMETRIC_REPRESENTATION_CONTEXT(2) 
PARAMETRIC_REPRESENTATION_CONTEXT() REPRESENTATION_CONTEXT('2D SPACE',''
  ) );
#128 = ORIENTED_EDGE('',*,*,#129,.T.);
#129 = EDGE_CURVE('',#103,#130,#132,.T.);
#130 = VERTEX_POINT('',#131);
#131 = CARTESIAN_POINT('',(-35.,-14.,13.978975367209));
#132 = SURFACE_CURVE('',#133,(#137,#144),.PCURVE_S1.);
#133 = LINE('',#134,#135);
#134 = CARTESIAN_POINT('',(-35.,-14.,0.));
#135 = VECTOR('',#136,1.);
#136 = DIRECTION('',(0.,0.,1.));
#137 = PCURVE('',#50,#138);
#138 = DEFINITIONAL_REPRESENTATION('',(#139),#143);
#139 = LINE('',#140,#141);
#140 = CARTESIAN_POINT('',(-13.94492328579,-56.94093745503));
#141 = VECTOR('',#142,1.);
#142 = DIRECTION('',(0.99756405026,6.975647374413E-02));
#143 = ( GEOMETRIC_REPRESENTATION_CONTEXT(2) 
PARAMETRIC_REPRESENTATION_CONTEXT() REPRESENTATION_CONTEXT('2D SPACE',''
  ) );
#144 = PCURVE('',#145,#150);
#145 = PLANE('',#146);
#146 = AXIS2_PLACEMENT_3D('',#147,#148,#149);
#147 = CARTESIAN_POINT('',(-33.8,-14.,0.));
#148 = DIRECTION('',(0.,1.,0.));
#149 = DIRECTION('',(0.,-0.,1.));
#150 = DEFINITIONAL_REPRESENTATION('',(#151),#155);
#151 = LINE('',#152,#153);
#152 = CARTESIAN_POINT('',(0.,-1.2));
#153 = VECTOR('',#154,1.);
#154 = DIRECTION('',(1.,0.));
#155 = ( GEOMETRIC_REPRESENTATION_CONTEXT(2) 
PARAMETRIC_REPRESENTATION_CONTEXT() REPRESENTATION_CONTEXT('2D SPACE',''
  ) );
#156 = ORIENTED_EDGE('',*,*,#157,.T.);
#157 = EDGE_CURVE('',#130,#158,#160,.T.);
#158 = VERTEX_POINT('',#159);
#159 = CARTESIAN_POINT('',(-35.,-2.394153720624,13.167415536986));
#160 = SURFACE_CURVE('',#161,(#165,#172),.PCURVE_S1.);
#161 = LINE('',#162,#163);
#162 = CARTESIAN_POINT('',(-35.,-69.82948351818,17.882953162089));
#163 = VECTOR('',#164,1.);
#164 = DIRECTION('',(0.,0.99756405026,-6.975647374413E-02));
#165 = PCURVE('',#50,#166);
#166 = DEFINITIONAL_REPRESENTATION('',(#167),#171);
#167 = LINE('',#168,#169);
#168 = CARTESIAN_POINT('',(0.,0.));
#169 = VECTOR('',#170,1.);
#170 = DIRECTION('',(4.861167905964E-18,-1.));
#171 = ( GEOMETRIC_REPRESENTATION_CONTEXT(2) 
PARAMETRIC_REPRESENTATION_CONTEXT() REPRESENTATION_CONTEXT('2D SPACE',''
  ) );
#172 = PCURVE('',#173,#178);
#173 = PLANE('',#174);
#174 = AXIS2_PLACEMENT_3D('',#175,#176,#177);
#175 = CARTESIAN_POINT('',(-35.,-69.82948351818,17.882953162089));
#176 = DIRECTION('',(0.,6.975647374413E-02,0.99756405026));
#177 = DIRECTION('',(1.,0.,-0.));
#178 = DEFINITIONAL_REPRESENTATION('',(#179),#183);
#179 = LINE('',#180,#181);
#180 = CARTESIAN_POINT('',(0.,0.));
#181 = VECTOR('',#182,1.);
#182 = DIRECTION('',(0.,1.));
#183 = ( GEOMETRIC_REPRESENTATION_CONTEXT(2) 
PARAMETRIC_REPRESENTATION_CONTEXT() REPRESENTATION_CONTEXT('2D SPACE',''
  ) );
#184 = ORIENTED_EDGE('',*,*,#185,.F.);
#185 = EDGE_CURVE('',#186,#158,#188,.T.);
#186 = VERTEX_POINT('',#187);
#187 = CARTESIAN_POINT('',(-35.,-2.603423141856,10.174723386206));
#188 = SURFACE_CURVE('',#189,(#193,#200),.PCURVE_S1.);
#189 = LINE('',#190,#191);
#190 = CARTESIAN_POINT('',(-35.,-2.603423141856,10.174723386206));
#191 = VECTOR('',#192,1.);
#192 = DIRECTION('',(0.,6.975647374413E-02,0.99756405026));
#193 = PCURVE('',#50,#194);
#194 = DEFINITIONAL_REPRESENTATION('',(#195),#199);
#195 = LINE('',#196,#197);
#196 = CARTESIAN_POINT('',(-3.,-67.6));
#197 = VECTOR('',#198,1.);
#198 = DIRECTION('',(1.,-4.861167905964E-18));
#199 = ( GEOMETRIC_REPRESENTATION_CONTEXT(2) 
PARAMETRIC_REPRESENTATION_CONTEXT() REPRESENTATION_CONTEXT('2D SPACE',''
  ) );
#200 = PCURVE('',#201,#206);
#201 = PLANE('',#202);
#202 = AXIS2_PLACEMENT_3D('',#203,#204,#205);
#203 = CARTESIAN_POINT('',(-35.,-2.603423141856,10.174723386206));
#204 = DIRECTION('',(0.,0.99756405026,-6.975647374413E-02));
#205 = DIRECTION('',(0.,6.975647374413E-02,0.99756405026));
#206 = DEFINITIONAL_REPRESENTATION('',(#207),#211);
#207 = LINE('',#208,#209);
#208 = CARTESIAN_POINT('',(0.,0.));
#209 = VECTOR('',#210,1.);
#210 = DIRECTION('',(1.,0.));
#211 = ( GEOMETRIC_REPRESENTATION_CONTEXT(2) 
PARAMETRIC_REPRESENTATION_CONTEXT() REPRESENTATION_CONTEXT('2D SPACE',''
  ) );
#212 = ORIENTED_EDGE('',*,*,#213,.T.);
#213 = EDGE_CURVE('',#186,#214,#216,.T.);
#214 = VERTEX_POINT('',#215);
#215 = CARTESIAN_POINT('',(-35.,-0.209269421232,10.007307849221));
#216 = SURFACE_CURVE('',#217,(#221,#228),.PCURVE_S1.);
#217 = LINE('',#218,#219);
#218 = CARTESIAN_POINT('',(-35.,-2.603423141856,10.174723386206));
#219 = VECTOR('',#220,1.);
#220 = DIRECTION('',(0.,0.99756405026,-6.975647374413E-02));
#221 = PCURVE('',#50,#222);
#222 = DEFINITIONAL_REPRESENTATION('',(#223),#227);
#223 = LINE('',#224,#225);
#224 = CARTESIAN_POINT('',(-3.,-67.6));
#225 = VECTOR('',#226,1.);
#226 = DIRECTION('',(4.861167905964E-18,-1.));
#227 = ( GEOMETRIC_REPRESENTATION_CONTEXT(2) 
PARAMETRIC_REPRESENTATION_CONTEXT() REPRESENTATION_CONTEXT('2D SPACE',''
  ) );
#228 = PCURVE('',#229,#234);
#229 = PLANE('',#230);
#230 = AXIS2_PLACEMENT_3D('',#231,#232,#233);
#231 = CARTESIAN_POINT('',(-35.,-2.603423141856,10.174723386206));
#232 = DIRECTION('',(0.,6.975647374413E-02,0.99756405026));
#233 = DIRECTION('',(1.,0.,-0.));
#234 = DEFINITIONAL_REPRESENTATION('',(#235),#239);
#235 = LINE('',#236,#237);
#236 = CARTESIAN_POINT('',(0.,0.));
#237 = VECTOR('',#238,1.);
#238 = DIRECTION('',(0.,1.));
#239 = ( GEOMETRIC_REPRESENTATION_CONTEXT(2) 
PARAMETRIC_REPRESENTATION_CONTEXT() REPRESENTATION_CONTEXT('2D SPACE',''
  ) );
#240 = ORIENTED_EDGE('',*,*,#241,.F.);
#241 = EDGE_CURVE('',#242,#214,#244,.T.);
#242 = VERTEX_POINT('',#243);
#243 = CARTESIAN_POINT('',(-35.,0.223220715981,16.192204960831));
#244 = SURFACE_CURVE('',#245,(#249,#256),.PCURVE_S1.);
#245 = LINE('',#246,#247);
#246 = CARTESIAN_POINT('',(-35.,0.223220715981,16.192204960831));
#247 = VECTOR('',#248,1.);
#248 = DIRECTION('',(0.,-6.975647374413E-02,-0.99756405026));
#249 = PCURVE('',#50,#250);
#250 = DEFINITIONAL_REPRESENTATION('',(#251),#255);
#251 = LINE('',#252,#253);
#252 = CARTESIAN_POINT('',(3.2,-70.));
#253 = VECTOR('',#254,1.);
#254 = DIRECTION('',(-1.,4.861167905964E-18));
#255 = ( GEOMETRIC_REPRESENTATION_CONTEXT(2) 
PARAMETRIC_REPRESENTATION_CONTEXT() REPRESENTATION_CONTEXT('2D SPACE',''
  ) );
#256 = PCURVE('',#257,#262);
#257 = PLANE('',#258);
#258 = AXIS2_PLACEMENT_3D('',#259,#260,#261);
#259 = CARTESIAN_POINT('',(-35.,0.,13.));
#260 = DIRECTION('',(0.,0.99756405026,-6.975647374413E-02));
#261 = DIRECTION('',(0.,6.975647374413E-02,0.99756405026));
#262 = DEFINITIONAL_REPRESENTATION('',(#263),#267);
#263 = LINE('',#264,#265);
#264 = CARTESIAN_POINT('',(3.2,0.));
#265 = VECTOR('',#266,1.);
#266 = DIRECTION('',(-1.,0.));
#267 = ( GEOMETRIC_REPRESENTATION_CONTEXT(2) 
PARAMETRIC_REPRESENTATION_CONTEXT() REPRESENTATION_CONTEXT('2D SPACE',''
  ) );
#268 = ORIENTED_EDGE('',*,*,#269,.F.);
#269 = EDGE_CURVE('',#270,#242,#272,.T.);
#270 = VERTEX_POINT('',#271);
#271 = CARTESIAN_POINT('',(-35.,-69.6062628022,21.07515812292));
#272 = SURFACE_CURVE('',#273,(#277,#284),.PCURVE_S1.);
#273 = LINE('',#274,#275);
#274 = CARTESIAN_POINT('',(-35.,-69.6062628022,21.07515812292));
#275 = VECTOR('',#276,1.);
#276 = DIRECTION('',(0.,0.99756405026,-6.975647374413E-02));
#277 = PCURVE('',#50,#278);
#278 = DEFINITIONAL_REPRESENTATION('',(#279),#283);
#279 = LINE('',#280,#281);
#280 = CARTESIAN_POINT('',(3.2,1.703502094351E-15));
#281 = VECTOR('',#282,1.);
#282 = DIRECTION('',(4.861167905964E-18,-1.));
#283 = ( GEOMETRIC_REPRESENTATION_CONTEXT(2) 
PARAMETRIC_REPRESENTATION_CONTEXT() REPRESENTATION_CONTEXT('2D SPACE',''
  ) );
#284 = PCURVE('',#285,#290);
#285 = PLANE('',#286);
#286 = AXIS2_PLACEMENT_3D('',#287,#288,#289);
#287 = CARTESIAN_POINT('',(-35.,-69.6062628022,21.07515812292));
#288 = DIRECTION('',(0.,6.975647374413E-02,0.99756405026));
#289 = DIRECTION('',(1.,0.,-0.));
#290 = DEFINITIONAL_REPRESENTATION('',(#291),#295);
#291 = LINE('',#292,#293);
#292 = CARTESIAN_POINT('',(0.,0.));
#293 = VECTOR('',#294,1.);
#294 = DIRECTION('',(0.,1.));
#295 = ( GEOMETRIC_REPRESENTATION_CONTEXT(2) 
PARAMETRIC_REPRESENTATION_CONTEXT() REPRESENTATION_CONTEXT('2D SPACE',''
  ) );
#296 = ORIENTED_EDGE('',*,*,#297,.F.);
#297 = EDGE_CURVE('',#40,#270,#298,.T.);
#298 = SURFACE_CURVE('',#299,(#303,#310),.PCURVE_S1.);
#299 = LINE('',#300,#301);
#300 = CARTESIAN_POINT('',(-35.,-69.82948351818,17.882953162089));
#301 = VECTOR('',#302,1.);
#302 = DIRECTION('',(0.,6.975647374413E-02,0.99756405026));
#303 = PCURVE('',#50,#304);
#304 = DEFINITIONAL_REPRESENTATION('',(#305),#309);
#305 = LINE('',#306,#307);
#306 = CARTESIAN_POINT('',(0.,0.));
#307 = VECTOR('',#308,1.);
#308 = DIRECTION('',(1.,-4.861167905964E-18));
#309 = ( GEOMETRIC_REPRESENTATION_CONTEXT(2) 
PARAMETRIC_REPRESENTATION_CONTEXT() REPRESENTATION_CONTEXT('2D SPACE',''
  ) );
#310 = PCURVE('',#311,#316);
#311 = PLANE('',#312);
#312 = AXIS2_PLACEMENT_3D('',#313,#314,#315);
#313 = CARTESIAN_POINT('',(-35.,-69.82948351818,17.882953162089));
#314 = DIRECTION('',(0.,0.99756405026,-6.975647374413E-02));
#315 = DIRECTION('',(0.,6.975647374413E-02,0.99756405026));
#316 = DEFINITIONAL_REPRESENTATION('',(#317),#321);
#317 = LINE('',#318,#319);
#318 = CARTESIAN_POINT('',(0.,0.));
#319 = VECTOR('',#320,1.);
#320 = DIRECTION('',(1.,0.));
#321 = ( GEOMETRIC_REPRESENTATION_CONTEXT(2) 
PARAMETRIC_REPRESENTATION_CONTEXT() REPRESENTATION_CONTEXT('2D SPACE',''
  ) );
#322 = ADVANCED_FACE('',(#323),#62,.T.);
#323 = FACE_BOUND('',#324,.T.);
#324 = EDGE_LOOP('',(#325,#326,#349,#377));
#325 = ORIENTED_EDGE('',*,*,#39,.T.);
#326 = ORIENTED_EDGE('',*,*,#327,.F.);
#327 = EDGE_CURVE('',#328,#42,#330,.T.);
#328 = VERTEX_POINT('',#329);
#329 = CARTESIAN_POINT('',(35.,-70.,18.894876836046));
#330 = SURFACE_CURVE('',#331,(#335,#342),.PCURVE_S1.);
#331 = LINE('',#332,#333);
#332 = CARTESIAN_POINT('',(35.,-70.,18.894876836046));
#333 = VECTOR('',#334,1.);
#334 = DIRECTION('',(-1.,0.,0.));
#335 = PCURVE('',#62,#336);
#336 = DEFINITIONAL_REPRESENTATION('',(#337),#341);
#337 = LINE('',#338,#339);
#338 = CARTESIAN_POINT('',(56.136746292546,68.8));
#339 = VECTOR('',#340,1.);
#340 = DIRECTION('',(0.,-1.));
#341 = ( GEOMETRIC_REPRESENTATION_CONTEXT(2) 
PARAMETRIC_REPRESENTATION_CONTEXT() REPRESENTATION_CONTEXT('2D SPACE',''
  ) );
#342 = PCURVE('',#90,#343);
#343 = DEFINITIONAL_REPRESENTATION('',(#344),#348);
#344 = LINE('',#345,#346);
#345 = CARTESIAN_POINT('',(0.,68.8));
#346 = VECTOR('',#347,1.);
#347 = DIRECTION('',(0.,-1.));
#348 = ( GEOMETRIC_REPRESENTATION_CONTEXT(2) 
PARAMETRIC_REPRESENTATION_CONTEXT() REPRESENTATION_CONTEXT('2D SPACE',''
  ) );
#349 = ORIENTED_EDGE('',*,*,#350,.F.);
#350 = EDGE_CURVE('',#351,#328,#353,.T.);
#351 = VERTEX_POINT('',#352);
#352 = CARTESIAN_POINT('',(35.,-69.7598969677,18.87808719646));
#353 = SURFACE_CURVE('',#354,(#358,#365),.PCURVE_S1.);
#354 = LINE('',#355,#356);
#355 = CARTESIAN_POINT('',(35.,-14.,14.978975367209));
#356 = VECTOR('',#357,1.);
#357 = DIRECTION('',(0.,-0.99756405026,6.975647374413E-02));
#358 = PCURVE('',#62,#359);
#359 = DEFINITIONAL_REPRESENTATION('',(#360),#364);
#360 = LINE('',#361,#362);
#361 = CARTESIAN_POINT('',(0.,68.8));
#362 = VECTOR('',#363,1.);
#363 = DIRECTION('',(1.,0.));
#364 = ( GEOMETRIC_REPRESENTATION_CONTEXT(2) 
PARAMETRIC_REPRESENTATION_CONTEXT() REPRESENTATION_CONTEXT('2D SPACE',''
  ) );
#365 = PCURVE('',#366,#371);
#366 = PLANE('',#367);
#367 = AXIS2_PLACEMENT_3D('',#368,#369,#370);
#368 = CARTESIAN_POINT('',(35.,-69.82948351818,17.882953162089));
#369 = DIRECTION('',(1.,0.,-0.));
#370 = DIRECTION('',(0.,6.975647374413E-02,0.99756405026));
#371 = DEFINITIONAL_REPRESENTATION('',(#372),#376);
#372 = LINE('',#373,#374);
#373 = CARTESIAN_POINT('',(0.99756405026,-55.89605695311));
#374 = VECTOR('',#375,1.);
#375 = DIRECTION('',(-4.861167905964E-18,1.));
#376 = ( GEOMETRIC_REPRESENTATION_CONTEXT(2) 
PARAMETRIC_REPRESENTATION_CONTEXT() REPRESENTATION_CONTEXT('2D SPACE',''
  ) );
#377 = ORIENTED_EDGE('',*,*,#378,.T.);
#378 = EDGE_CURVE('',#351,#40,#379,.T.);
#379 = SURFACE_CURVE('',#380,(#384,#391),.PCURVE_S1.);
#380 = LINE('',#381,#382);
#381 = CARTESIAN_POINT('',(35.,-69.7598969677,18.87808719646));
#382 = VECTOR('',#383,1.);
#383 = DIRECTION('',(-1.,0.,0.));
#384 = PCURVE('',#62,#385);
#385 = DEFINITIONAL_REPRESENTATION('',(#386),#390);
#386 = LINE('',#387,#388);
#387 = CARTESIAN_POINT('',(55.896056953119,68.8));
#388 = VECTOR('',#389,1.);
#389 = DIRECTION('',(0.,-1.));
#390 = ( GEOMETRIC_REPRESENTATION_CONTEXT(2) 
PARAMETRIC_REPRESENTATION_CONTEXT() REPRESENTATION_CONTEXT('2D SPACE',''
  ) );
#391 = PCURVE('',#311,#392);
#392 = DEFINITIONAL_REPRESENTATION('',(#393),#397);
#393 = LINE('',#394,#395);
#394 = CARTESIAN_POINT('',(0.99756405026,70.));
#395 = VECTOR('',#396,1.);
#396 = DIRECTION('',(0.,-1.));
#397 = ( GEOMETRIC_REPRESENTATION_CONTEXT(2) 
PARAMETRIC_REPRESENTATION_CONTEXT() REPRESENTATION_CONTEXT('2D SPACE',''
  ) );
#398 = ADVANCED_FACE('',(#399),#311,.F.);
#399 = FACE_BOUND('',#400,.F.);
#400 = EDGE_LOOP('',(#401,#402,#403,#426));
#401 = ORIENTED_EDGE('',*,*,#378,.T.);
#402 = ORIENTED_EDGE('',*,*,#297,.T.);
#403 = ORIENTED_EDGE('',*,*,#404,.T.);
#404 = EDGE_CURVE('',#270,#405,#407,.T.);
#405 = VERTEX_POINT('',#406);
#406 = CARTESIAN_POINT('',(35.,-69.6062628022,21.07515812292));
#407 = SURFACE_CURVE('',#408,(#412,#419),.PCURVE_S1.);
#408 = LINE('',#409,#410);
#409 = CARTESIAN_POINT('',(-35.,-69.6062628022,21.07515812292));
#410 = VECTOR('',#411,1.);
#411 = DIRECTION('',(1.,0.,-0.));
#412 = PCURVE('',#311,#413);
#413 = DEFINITIONAL_REPRESENTATION('',(#414),#418);
#414 = LINE('',#415,#416);
#415 = CARTESIAN_POINT('',(3.2,0.));
#416 = VECTOR('',#417,1.);
#417 = DIRECTION('',(0.,1.));
#418 = ( GEOMETRIC_REPRESENTATION_CONTEXT(2) 
PARAMETRIC_REPRESENTATION_CONTEXT() REPRESENTATION_CONTEXT('2D SPACE',''
  ) );
#419 = PCURVE('',#285,#420);
#420 = DEFINITIONAL_REPRESENTATION('',(#421),#425);
#421 = LINE('',#422,#423);
#422 = CARTESIAN_POINT('',(0.,0.));
#423 = VECTOR('',#424,1.);
#424 = DIRECTION('',(1.,0.));
#425 = ( GEOMETRIC_REPRESENTATION_CONTEXT(2) 
PARAMETRIC_REPRESENTATION_CONTEXT() REPRESENTATION_CONTEXT('2D SPACE',''
  ) );
#426 = ORIENTED_EDGE('',*,*,#427,.F.);
#427 = EDGE_CURVE('',#351,#405,#428,.T.);
#428 = SURFACE_CURVE('',#429,(#433,#440),.PCURVE_S1.);
#429 = LINE('',#430,#431);
#430 = CARTESIAN_POINT('',(35.,-69.82948351818,17.882953162089));
#431 = VECTOR('',#432,1.);
#432 = DIRECTION('',(0.,6.975647374413E-02,0.99756405026));
#433 = PCURVE('',#311,#434);
#434 = DEFINITIONAL_REPRESENTATION('',(#435),#439);
#435 = LINE('',#436,#437);
#436 = CARTESIAN_POINT('',(0.,70.));
#437 = VECTOR('',#438,1.);
#438 = DIRECTION('',(1.,0.));
#439 = ( GEOMETRIC_REPRESENTATION_CONTEXT(2) 
PARAMETRIC_REPRESENTATION_CONTEXT() REPRESENTATION_CONTEXT('2D SPACE',''
  ) );
#440 = PCURVE('',#366,#441);
#441 = DEFINITIONAL_REPRESENTATION('',(#442),#446);
#442 = LINE('',#443,#444);
#443 = CARTESIAN_POINT('',(0.,0.));
#444 = VECTOR('',#445,1.);
#445 = DIRECTION('',(1.,-4.861167905964E-18));
#446 = ( GEOMETRIC_REPRESENTATION_CONTEXT(2) 
PARAMETRIC_REPRESENTATION_CONTEXT() REPRESENTATION_CONTEXT('2D SPACE',''
  ) );
#447 = ADVANCED_FACE('',(#448),#285,.T.);
#448 = FACE_BOUND('',#449,.T.);
#449 = EDGE_LOOP('',(#450,#473,#474,#475,#498,#521,#549,#577,#605,#628,
    #656,#684,#712,#735,#763,#791,#819,#842,#870,#898,#926,#949,#977,
    #1005,#1033,#1056,#1084,#1112,#1140,#1163,#1191,#1219));
#450 = ORIENTED_EDGE('',*,*,#451,.F.);
#451 = EDGE_CURVE('',#242,#452,#454,.T.);
#452 = VERTEX_POINT('',#453);
#453 = CARTESIAN_POINT('',(-29.5,0.223220715981,16.192204960831));
#454 = SURFACE_CURVE('',#455,(#459,#466),.PCURVE_S1.);
#455 = LINE('',#456,#457);
#456 = CARTESIAN_POINT('',(-35.,0.223220715981,16.192204960831));
#457 = VECTOR('',#458,1.);
#458 = DIRECTION('',(1.,0.,-0.));
#459 = PCURVE('',#285,#460);
#460 = DEFINITIONAL_REPRESENTATION('',(#461),#465);
#461 = LINE('',#462,#463);
#462 = CARTESIAN_POINT('',(0.,70.));
#463 = VECTOR('',#464,1.);
#464 = DIRECTION('',(1.,0.));
#465 = ( GEOMETRIC_REPRESENTATION_CONTEXT(2) 
PARAMETRIC_REPRESENTATION_CONTEXT() REPRESENTATION_CONTEXT('2D SPACE',''
  ) );
#466 = PCURVE('',#257,#467);
#467 = DEFINITIONAL_REPRESENTATION('',(#468),#472);
#468 = LINE('',#469,#470);
#469 = CARTESIAN_POINT('',(3.2,0.));
#470 = VECTOR('',#471,1.);
#471 = DIRECTION('',(0.,1.));
#472 = ( GEOMETRIC_REPRESENTATION_CONTEXT(2) 
PARAMETRIC_REPRESENTATION_CONTEXT() REPRESENTATION_CONTEXT('2D SPACE',''
  ) );
#473 = ORIENTED_EDGE('',*,*,#269,.F.);
#474 = ORIENTED_EDGE('',*,*,#404,.T.);
#475 = ORIENTED_EDGE('',*,*,#476,.T.);
#476 = EDGE_CURVE('',#405,#477,#479,.T.);
#477 = VERTEX_POINT('',#478);
#478 = CARTESIAN_POINT('',(35.,0.223220715981,16.192204960831));
#479 = SURFACE_CURVE('',#480,(#484,#491),.PCURVE_S1.);
#480 = LINE('',#481,#482);
#481 = CARTESIAN_POINT('',(35.,-69.6062628022,21.07515812292));
#482 = VECTOR('',#483,1.);
#483 = DIRECTION('',(0.,0.99756405026,-6.975647374413E-02));
#484 = PCURVE('',#285,#485);
#485 = DEFINITIONAL_REPRESENTATION('',(#486),#490);
#486 = LINE('',#487,#488);
#487 = CARTESIAN_POINT('',(70.,0.));
#488 = VECTOR('',#489,1.);
#489 = DIRECTION('',(0.,1.));
#490 = ( GEOMETRIC_REPRESENTATION_CONTEXT(2) 
PARAMETRIC_REPRESENTATION_CONTEXT() REPRESENTATION_CONTEXT('2D SPACE',''
  ) );
#491 = PCURVE('',#366,#492);
#492 = DEFINITIONAL_REPRESENTATION('',(#493),#497);
#493 = LINE('',#494,#495);
#494 = CARTESIAN_POINT('',(3.2,1.703502094351E-15));
#495 = VECTOR('',#496,1.);
#496 = DIRECTION('',(4.861167905964E-18,-1.));
#497 = ( GEOMETRIC_REPRESENTATION_CONTEXT(2) 
PARAMETRIC_REPRESENTATION_CONTEXT() REPRESENTATION_CONTEXT('2D SPACE',''
  ) );
#498 = ORIENTED_EDGE('',*,*,#499,.F.);
#499 = EDGE_CURVE('',#500,#477,#502,.T.);
#500 = VERTEX_POINT('',#501);
#501 = CARTESIAN_POINT('',(29.5,0.223220715981,16.192204960831));
#502 = SURFACE_CURVE('',#503,(#507,#514),.PCURVE_S1.);
#503 = LINE('',#504,#505);
#504 = CARTESIAN_POINT('',(-35.,0.223220715981,16.192204960831));
#505 = VECTOR('',#506,1.);
#506 = DIRECTION('',(1.,0.,-0.));
#507 = PCURVE('',#285,#508);
#508 = DEFINITIONAL_REPRESENTATION('',(#509),#513);
#509 = LINE('',#510,#511);
#510 = CARTESIAN_POINT('',(0.,70.));
#511 = VECTOR('',#512,1.);
#512 = DIRECTION('',(1.,0.));
#513 = ( GEOMETRIC_REPRESENTATION_CONTEXT(2) 
PARAMETRIC_REPRESENTATION_CONTEXT() REPRESENTATION_CONTEXT('2D SPACE',''
  ) );
#514 = PCURVE('',#257,#515);
#515 = DEFINITIONAL_REPRESENTATION('',(#516),#520);
#516 = LINE('',#517,#518);
#517 = CARTESIAN_POINT('',(3.2,0.));
#518 = VECTOR('',#519,1.);
#519 = DIRECTION('',(0.,1.));
#520 = ( GEOMETRIC_REPRESENTATION_CONTEXT(2) 
PARAMETRIC_REPRESENTATION_CONTEXT() REPRESENTATION_CONTEXT('2D SPACE',''
  ) );
#521 = ORIENTED_EDGE('',*,*,#522,.F.);
#522 = EDGE_CURVE('',#523,#500,#525,.T.);
#523 = VERTEX_POINT('',#524);
#524 = CARTESIAN_POINT('',(29.5,-35.68908509337,18.70343801562));
#525 = SURFACE_CURVE('',#526,(#530,#537),.PCURVE_S1.);
#526 = LINE('',#527,#528);
#527 = CARTESIAN_POINT('',(29.5,-35.68908509337,18.70343801562));
#528 = VECTOR('',#529,1.);
#529 = DIRECTION('',(0.,0.99756405026,-6.975647374413E-02));
#530 = PCURVE('',#285,#531);
#531 = DEFINITIONAL_REPRESENTATION('',(#532),#536);
#532 = LINE('',#533,#534);
#533 = CARTESIAN_POINT('',(64.5,34.));
#534 = VECTOR('',#535,1.);
#535 = DIRECTION('',(0.,1.));
#536 = ( GEOMETRIC_REPRESENTATION_CONTEXT(2) 
PARAMETRIC_REPRESENTATION_CONTEXT() REPRESENTATION_CONTEXT('2D SPACE',''
  ) );
#537 = PCURVE('',#538,#543);
#538 = PLANE('',#539);
#539 = AXIS2_PLACEMENT_3D('',#540,#541,#542);
#540 = CARTESIAN_POINT('',(29.5,0.223220715981,16.192204960831));
#541 = DIRECTION('',(0.866025403784,-3.487823687206E-02,-0.49878202513)
  );
#542 = DIRECTION('',(-0.5,-6.041087834083E-02,-0.863915809427));
#543 = DEFINITIONAL_REPRESENTATION('',(#544),#548);
#544 = LINE('',#545,#546);
#545 = CARTESIAN_POINT('',(0.,-36.));
#546 = VECTOR('',#547,1.);
#547 = DIRECTION('',(-0.,1.));
#548 = ( GEOMETRIC_REPRESENTATION_CONTEXT(2) 
PARAMETRIC_REPRESENTATION_CONTEXT() REPRESENTATION_CONTEXT('2D SPACE',''
  ) );
#549 = ORIENTED_EDGE('',*,*,#550,.F.);
#550 = EDGE_CURVE('',#551,#523,#553,.T.);
#551 = VERTEX_POINT('',#552);
#552 = CARTESIAN_POINT('',(24.5,-35.68908509337,18.70343801562));
#553 = SURFACE_CURVE('',#554,(#558,#565),.PCURVE_S1.);
#554 = LINE('',#555,#556);
#555 = CARTESIAN_POINT('',(24.5,-35.68908509337,18.70343801562));
#556 = VECTOR('',#557,1.);
#557 = DIRECTION('',(1.,0.,0.));
#558 = PCURVE('',#285,#559);
#559 = DEFINITIONAL_REPRESENTATION('',(#560),#564);
#560 = LINE('',#561,#562);
#561 = CARTESIAN_POINT('',(59.5,34.));
#562 = VECTOR('',#563,1.);
#563 = DIRECTION('',(1.,0.));
#564 = ( GEOMETRIC_REPRESENTATION_CONTEXT(2) 
PARAMETRIC_REPRESENTATION_CONTEXT() REPRESENTATION_CONTEXT('2D SPACE',''
  ) );
#565 = PCURVE('',#566,#571);
#566 = PLANE('',#567);
#567 = AXIS2_PLACEMENT_3D('',#568,#569,#570);
#568 = CARTESIAN_POINT('',(27.,-35.72584532983,18.177742142403));
#569 = DIRECTION('',(-0.,0.99756405026,-6.975647374413E-02));
#570 = DIRECTION('',(-1.,0.,0.));
#571 = DEFINITIONAL_REPRESENTATION('',(#572),#576);
#572 = LINE('',#573,#574);
#573 = CARTESIAN_POINT('',(2.5,0.526979568961));
#574 = VECTOR('',#575,1.);
#575 = DIRECTION('',(-1.,0.));
#576 = ( GEOMETRIC_REPRESENTATION_CONTEXT(2) 
PARAMETRIC_REPRESENTATION_CONTEXT() REPRESENTATION_CONTEXT('2D SPACE',''
  ) );
#577 = ORIENTED_EDGE('',*,*,#578,.F.);
#578 = EDGE_CURVE('',#579,#551,#581,.T.);
#579 = VERTEX_POINT('',#580);
#580 = CARTESIAN_POINT('',(24.5,0.223220715981,16.192204960831));
#581 = SURFACE_CURVE('',#582,(#586,#593),.PCURVE_S1.);
#582 = LINE('',#583,#584);
#583 = CARTESIAN_POINT('',(24.5,36.135526525335,13.680971906043));
#584 = VECTOR('',#585,1.);
#585 = DIRECTION('',(0.,-0.99756405026,6.975647374413E-02));
#586 = PCURVE('',#285,#587);
#587 = DEFINITIONAL_REPRESENTATION('',(#588),#592);
#588 = LINE('',#589,#590);
#589 = CARTESIAN_POINT('',(59.5,106.));
#590 = VECTOR('',#591,1.);
#591 = DIRECTION('',(0.,-1.));
#592 = ( GEOMETRIC_REPRESENTATION_CONTEXT(2) 
PARAMETRIC_REPRESENTATION_CONTEXT() REPRESENTATION_CONTEXT('2D SPACE',''
  ) );
#593 = PCURVE('',#594,#599);
#594 = PLANE('',#595);
#595 = AXIS2_PLACEMENT_3D('',#596,#597,#598);
#596 = CARTESIAN_POINT('',(25.192820323028,0.139512947488,14.99512810052
    ));
#597 = DIRECTION('',(-0.866025403784,-3.487823687206E-02,-0.49878202513)
  );
#598 = DIRECTION('',(-0.5,6.041087834083E-02,0.863915809427));
#599 = DEFINITIONAL_REPRESENTATION('',(#600),#604);
#600 = LINE('',#601,#602);
#601 = CARTESIAN_POINT('',(1.385640646055,36.));
#602 = VECTOR('',#603,1.);
#603 = DIRECTION('',(0.,-1.));
#604 = ( GEOMETRIC_REPRESENTATION_CONTEXT(2) 
PARAMETRIC_REPRESENTATION_CONTEXT() REPRESENTATION_CONTEXT('2D SPACE',''
  ) );
#605 = ORIENTED_EDGE('',*,*,#606,.F.);
#606 = EDGE_CURVE('',#607,#579,#609,.T.);
#607 = VERTEX_POINT('',#608);
#608 = CARTESIAN_POINT('',(20.5,0.223220715981,16.192204960831));
#609 = SURFACE_CURVE('',#610,(#614,#621),.PCURVE_S1.);
#610 = LINE('',#611,#612);
#611 = CARTESIAN_POINT('',(-35.,0.223220715981,16.192204960831));
#612 = VECTOR('',#613,1.);
#613 = DIRECTION('',(1.,0.,-0.));
#614 = PCURVE('',#285,#615);
#615 = DEFINITIONAL_REPRESENTATION('',(#616),#620);
#616 = LINE('',#617,#618);
#617 = CARTESIAN_POINT('',(0.,70.));
#618 = VECTOR('',#619,1.);
#619 = DIRECTION('',(1.,0.));
#620 = ( GEOMETRIC_REPRESENTATION_CONTEXT(2) 
PARAMETRIC_REPRESENTATION_CONTEXT() REPRESENTATION_CONTEXT('2D SPACE',''
  ) );
#621 = PCURVE('',#257,#622);
#622 = DEFINITIONAL_REPRESENTATION('',(#623),#627);
#623 = LINE('',#624,#625);
#624 = CARTESIAN_POINT('',(3.2,0.));
#625 = VECTOR('',#626,1.);
#626 = DIRECTION('',(0.,1.));
#627 = ( GEOMETRIC_REPRESENTATION_CONTEXT(2) 
PARAMETRIC_REPRESENTATION_CONTEXT() REPRESENTATION_CONTEXT('2D SPACE',''
  ) );
#628 = ORIENTED_EDGE('',*,*,#629,.F.);
#629 = EDGE_CURVE('',#630,#607,#632,.T.);
#630 = VERTEX_POINT('',#631);
#631 = CARTESIAN_POINT('',(20.5,-35.68908509337,18.70343801562));
#632 = SURFACE_CURVE('',#633,(#637,#644),.PCURVE_S1.);
#633 = LINE('',#634,#635);
#634 = CARTESIAN_POINT('',(20.5,-35.68908509337,18.70343801562));
#635 = VECTOR('',#636,1.);
#636 = DIRECTION('',(0.,0.99756405026,-6.975647374413E-02));
#637 = PCURVE('',#285,#638);
#638 = DEFINITIONAL_REPRESENTATION('',(#639),#643);
#639 = LINE('',#640,#641);
#640 = CARTESIAN_POINT('',(55.5,34.));
#641 = VECTOR('',#642,1.);
#642 = DIRECTION('',(0.,1.));
#643 = ( GEOMETRIC_REPRESENTATION_CONTEXT(2) 
PARAMETRIC_REPRESENTATION_CONTEXT() REPRESENTATION_CONTEXT('2D SPACE',''
  ) );
#644 = PCURVE('',#645,#650);
#645 = PLANE('',#646);
#646 = AXIS2_PLACEMENT_3D('',#647,#648,#649);
#647 = CARTESIAN_POINT('',(20.5,0.223220715981,16.192204960831));
#648 = DIRECTION('',(0.866025403784,-3.487823687206E-02,-0.49878202513)
  );
#649 = DIRECTION('',(-0.5,-6.041087834083E-02,-0.863915809427));
#650 = DEFINITIONAL_REPRESENTATION('',(#651),#655);
#651 = LINE('',#652,#653);
#652 = CARTESIAN_POINT('',(0.,-36.));
#653 = VECTOR('',#654,1.);
#654 = DIRECTION('',(-0.,1.));
#655 = ( GEOMETRIC_REPRESENTATION_CONTEXT(2) 
PARAMETRIC_REPRESENTATION_CONTEXT() REPRESENTATION_CONTEXT('2D SPACE',''
  ) );
#656 = ORIENTED_EDGE('',*,*,#657,.F.);
#657 = EDGE_CURVE('',#658,#630,#660,.T.);
#658 = VERTEX_POINT('',#659);
#659 = CARTESIAN_POINT('',(15.5,-35.68908509337,18.70343801562));
#660 = SURFACE_CURVE('',#661,(#665,#672),.PCURVE_S1.);
#661 = LINE('',#662,#663);
#662 = CARTESIAN_POINT('',(15.5,-35.68908509337,18.70343801562));
#663 = VECTOR('',#664,1.);
#664 = DIRECTION('',(1.,0.,0.));
#665 = PCURVE('',#285,#666);
#666 = DEFINITIONAL_REPRESENTATION('',(#667),#671);
#667 = LINE('',#668,#669);
#668 = CARTESIAN_POINT('',(50.5,34.));
#669 = VECTOR('',#670,1.);
#670 = DIRECTION('',(1.,0.));
#671 = ( GEOMETRIC_REPRESENTATION_CONTEXT(2) 
PARAMETRIC_REPRESENTATION_CONTEXT() REPRESENTATION_CONTEXT('2D SPACE',''
  ) );
#672 = PCURVE('',#673,#678);
#673 = PLANE('',#674);
#674 = AXIS2_PLACEMENT_3D('',#675,#676,#677);
#675 = CARTESIAN_POINT('',(18.,-35.72584532983,18.177742142403));
#676 = DIRECTION('',(-0.,0.99756405026,-6.975647374413E-02));
#677 = DIRECTION('',(-1.,0.,0.));
#678 = DEFINITIONAL_REPRESENTATION('',(#679),#683);
#679 = LINE('',#680,#681);
#680 = CARTESIAN_POINT('',(2.5,0.526979568961));
#681 = VECTOR('',#682,1.);
#682 = DIRECTION('',(-1.,0.));
#683 = ( GEOMETRIC_REPRESENTATION_CONTEXT(2) 
PARAMETRIC_REPRESENTATION_CONTEXT() REPRESENTATION_CONTEXT('2D SPACE',''
  ) );
#684 = ORIENTED_EDGE('',*,*,#685,.F.);
#685 = EDGE_CURVE('',#686,#658,#688,.T.);
#686 = VERTEX_POINT('',#687);
#687 = CARTESIAN_POINT('',(15.5,0.223220715981,16.192204960831));
#688 = SURFACE_CURVE('',#689,(#693,#700),.PCURVE_S1.);
#689 = LINE('',#690,#691);
#690 = CARTESIAN_POINT('',(15.5,36.135526525335,13.680971906043));
#691 = VECTOR('',#692,1.);
#692 = DIRECTION('',(0.,-0.99756405026,6.975647374413E-02));
#693 = PCURVE('',#285,#694);
#694 = DEFINITIONAL_REPRESENTATION('',(#695),#699);
#695 = LINE('',#696,#697);
#696 = CARTESIAN_POINT('',(50.5,106.));
#697 = VECTOR('',#698,1.);
#698 = DIRECTION('',(0.,-1.));
#699 = ( GEOMETRIC_REPRESENTATION_CONTEXT(2) 
PARAMETRIC_REPRESENTATION_CONTEXT() REPRESENTATION_CONTEXT('2D SPACE',''
  ) );
#700 = PCURVE('',#701,#706);
#701 = PLANE('',#702);
#702 = AXIS2_PLACEMENT_3D('',#703,#704,#705);
#703 = CARTESIAN_POINT('',(16.192820323028,0.139512947488,14.99512810052
    ));
#704 = DIRECTION('',(-0.866025403784,-3.487823687206E-02,-0.49878202513)
  );
#705 = DIRECTION('',(-0.5,6.041087834083E-02,0.863915809427));
#706 = DEFINITIONAL_REPRESENTATION('',(#707),#711);
#707 = LINE('',#708,#709);
#708 = CARTESIAN_POINT('',(1.385640646055,36.));
#709 = VECTOR('',#710,1.);
#710 = DIRECTION('',(0.,-1.));
#711 = ( GEOMETRIC_REPRESENTATION_CONTEXT(2) 
PARAMETRIC_REPRESENTATION_CONTEXT() REPRESENTATION_CONTEXT('2D SPACE',''
  ) );
#712 = ORIENTED_EDGE('',*,*,#713,.F.);
#713 = EDGE_CURVE('',#714,#686,#716,.T.);
#714 = VERTEX_POINT('',#715);
#715 = CARTESIAN_POINT('',(11.5,0.223220715981,16.192204960831));
#716 = SURFACE_CURVE('',#717,(#721,#728),.PCURVE_S1.);
#717 = LINE('',#718,#719);
#718 = CARTESIAN_POINT('',(-35.,0.223220715981,16.192204960831));
#719 = VECTOR('',#720,1.);
#720 = DIRECTION('',(1.,0.,-0.));
#721 = PCURVE('',#285,#722);
#722 = DEFINITIONAL_REPRESENTATION('',(#723),#727);
#723 = LINE('',#724,#725);
#724 = CARTESIAN_POINT('',(0.,70.));
#725 = VECTOR('',#726,1.);
#726 = DIRECTION('',(1.,0.));
#727 = ( GEOMETRIC_REPRESENTATION_CONTEXT(2) 
PARAMETRIC_REPRESENTATION_CONTEXT() REPRESENTATION_CONTEXT('2D SPACE',''
  ) );
#728 = PCURVE('',#257,#729);
#729 = DEFINITIONAL_REPRESENTATION('',(#730),#734);
#730 = LINE('',#731,#732);
#731 = CARTESIAN_POINT('',(3.2,0.));
#732 = VECTOR('',#733,1.);
#733 = DIRECTION('',(0.,1.));
#734 = ( GEOMETRIC_REPRESENTATION_CONTEXT(2) 
PARAMETRIC_REPRESENTATION_CONTEXT() REPRESENTATION_CONTEXT('2D SPACE',''
  ) );
#735 = ORIENTED_EDGE('',*,*,#736,.F.);
#736 = EDGE_CURVE('',#737,#714,#739,.T.);
#737 = VERTEX_POINT('',#738);
#738 = CARTESIAN_POINT('',(11.5,-35.68908509337,18.70343801562));
#739 = SURFACE_CURVE('',#740,(#744,#751),.PCURVE_S1.);
#740 = LINE('',#741,#742);
#741 = CARTESIAN_POINT('',(11.5,-35.68908509337,18.70343801562));
#742 = VECTOR('',#743,1.);
#743 = DIRECTION('',(0.,0.99756405026,-6.975647374413E-02));
#744 = PCURVE('',#285,#745);
#745 = DEFINITIONAL_REPRESENTATION('',(#746),#750);
#746 = LINE('',#747,#748);
#747 = CARTESIAN_POINT('',(46.5,34.));
#748 = VECTOR('',#749,1.);
#749 = DIRECTION('',(0.,1.));
#750 = ( GEOMETRIC_REPRESENTATION_CONTEXT(2) 
PARAMETRIC_REPRESENTATION_CONTEXT() REPRESENTATION_CONTEXT('2D SPACE',''
  ) );
#751 = PCURVE('',#752,#757);
#752 = PLANE('',#753);
#753 = AXIS2_PLACEMENT_3D('',#754,#755,#756);
#754 = CARTESIAN_POINT('',(11.5,0.223220715981,16.192204960831));
#755 = DIRECTION('',(0.866025403784,-3.487823687206E-02,-0.49878202513)
  );
#756 = DIRECTION('',(-0.5,-6.041087834083E-02,-0.863915809427));
#757 = DEFINITIONAL_REPRESENTATION('',(#758),#762);
#758 = LINE('',#759,#760);
#759 = CARTESIAN_POINT('',(0.,-36.));
#760 = VECTOR('',#761,1.);
#761 = DIRECTION('',(-0.,1.));
#762 = ( GEOMETRIC_REPRESENTATION_CONTEXT(2) 
PARAMETRIC_REPRESENTATION_CONTEXT() REPRESENTATION_CONTEXT('2D SPACE',''
  ) );
#763 = ORIENTED_EDGE('',*,*,#764,.F.);
#764 = EDGE_CURVE('',#765,#737,#767,.T.);
#765 = VERTEX_POINT('',#766);
#766 = CARTESIAN_POINT('',(6.5,-35.68908509337,18.70343801562));
#767 = SURFACE_CURVE('',#768,(#772,#779),.PCURVE_S1.);
#768 = LINE('',#769,#770);
#769 = CARTESIAN_POINT('',(6.5,-35.68908509337,18.70343801562));
#770 = VECTOR('',#771,1.);
#771 = DIRECTION('',(1.,0.,0.));
#772 = PCURVE('',#285,#773);
#773 = DEFINITIONAL_REPRESENTATION('',(#774),#778);
#774 = LINE('',#775,#776);
#775 = CARTESIAN_POINT('',(41.5,34.));
#776 = VECTOR('',#777,1.);
#777 = DIRECTION('',(1.,0.));
#778 = ( GEOMETRIC_REPRESENTATION_CONTEXT(2) 
PARAMETRIC_REPRESENTATION_CONTEXT() REPRESENTATION_CONTEXT('2D SPACE',''
  ) );
#779 = PCURVE('',#780,#785);
#780 = PLANE('',#781);
#781 = AXIS2_PLACEMENT_3D('',#782,#783,#784);
#782 = CARTESIAN_POINT('',(9.,-35.72584532983,18.177742142403));
#783 = DIRECTION('',(-0.,0.99756405026,-6.975647374413E-02));
#784 = DIRECTION('',(-1.,0.,0.));
#785 = DEFINITIONAL_REPRESENTATION('',(#786),#790);
#786 = LINE('',#787,#788);
#787 = CARTESIAN_POINT('',(2.5,0.526979568961));
#788 = VECTOR('',#789,1.);
#789 = DIRECTION('',(-1.,0.));
#790 = ( GEOMETRIC_REPRESENTATION_CONTEXT(2) 
PARAMETRIC_REPRESENTATION_CONTEXT() REPRESENTATION_CONTEXT('2D SPACE',''
  ) );
#791 = ORIENTED_EDGE('',*,*,#792,.F.);
#792 = EDGE_CURVE('',#793,#765,#795,.T.);
#793 = VERTEX_POINT('',#794);
#794 = CARTESIAN_POINT('',(6.5,0.223220715981,16.192204960831));
#795 = SURFACE_CURVE('',#796,(#800,#807),.PCURVE_S1.);
#796 = LINE('',#797,#798);
#797 = CARTESIAN_POINT('',(6.5,36.135526525335,13.680971906043));
#798 = VECTOR('',#799,1.);
#799 = DIRECTION('',(0.,-0.99756405026,6.975647374413E-02));
#800 = PCURVE('',#285,#801);
#801 = DEFINITIONAL_REPRESENTATION('',(#802),#806);
#802 = LINE('',#803,#804);
#803 = CARTESIAN_POINT('',(41.5,106.));
#804 = VECTOR('',#805,1.);
#805 = DIRECTION('',(0.,-1.));
#806 = ( GEOMETRIC_REPRESENTATION_CONTEXT(2) 
PARAMETRIC_REPRESENTATION_CONTEXT() REPRESENTATION_CONTEXT('2D SPACE',''
  ) );
#807 = PCURVE('',#808,#813);
#808 = PLANE('',#809);
#809 = AXIS2_PLACEMENT_3D('',#810,#811,#812);
#810 = CARTESIAN_POINT('',(7.192820323028,0.139512947488,14.99512810052)
  );
#811 = DIRECTION('',(-0.866025403784,-3.487823687206E-02,-0.49878202513)
  );
#812 = DIRECTION('',(-0.5,6.041087834083E-02,0.863915809427));
#813 = DEFINITIONAL_REPRESENTATION('',(#814),#818);
#814 = LINE('',#815,#816);
#815 = CARTESIAN_POINT('',(1.385640646055,36.));
#816 = VECTOR('',#817,1.);
#817 = DIRECTION('',(0.,-1.));
#818 = ( GEOMETRIC_REPRESENTATION_CONTEXT(2) 
PARAMETRIC_REPRESENTATION_CONTEXT() REPRESENTATION_CONTEXT('2D SPACE',''
  ) );
#819 = ORIENTED_EDGE('',*,*,#820,.F.);
#820 = EDGE_CURVE('',#821,#793,#823,.T.);
#821 = VERTEX_POINT('',#822);
#822 = CARTESIAN_POINT('',(2.5,0.223220715981,16.192204960831));
#823 = SURFACE_CURVE('',#824,(#828,#835),.PCURVE_S1.);
#824 = LINE('',#825,#826);
#825 = CARTESIAN_POINT('',(-35.,0.223220715981,16.192204960831));
#826 = VECTOR('',#827,1.);
#827 = DIRECTION('',(1.,0.,-0.));
#828 = PCURVE('',#285,#829);
#829 = DEFINITIONAL_REPRESENTATION('',(#830),#834);
#830 = LINE('',#831,#832);
#831 = CARTESIAN_POINT('',(0.,70.));
#832 = VECTOR('',#833,1.);
#833 = DIRECTION('',(1.,0.));
#834 = ( GEOMETRIC_REPRESENTATION_CONTEXT(2) 
PARAMETRIC_REPRESENTATION_CONTEXT() REPRESENTATION_CONTEXT('2D SPACE',''
  ) );
#835 = PCURVE('',#257,#836);
#836 = DEFINITIONAL_REPRESENTATION('',(#837),#841);
#837 = LINE('',#838,#839);
#838 = CARTESIAN_POINT('',(3.2,0.));
#839 = VECTOR('',#840,1.);
#840 = DIRECTION('',(0.,1.));
#841 = ( GEOMETRIC_REPRESENTATION_CONTEXT(2) 
PARAMETRIC_REPRESENTATION_CONTEXT() REPRESENTATION_CONTEXT('2D SPACE',''
  ) );
#842 = ORIENTED_EDGE('',*,*,#843,.F.);
#843 = EDGE_CURVE('',#844,#821,#846,.T.);
#844 = VERTEX_POINT('',#845);
#845 = CARTESIAN_POINT('',(2.5,-35.68908509337,18.70343801562));
#846 = SURFACE_CURVE('',#847,(#851,#858),.PCURVE_S1.);
#847 = LINE('',#848,#849);
#848 = CARTESIAN_POINT('',(2.5,-35.68908509337,18.70343801562));
#849 = VECTOR('',#850,1.);
#850 = DIRECTION('',(0.,0.99756405026,-6.975647374413E-02));
#851 = PCURVE('',#285,#852);
#852 = DEFINITIONAL_REPRESENTATION('',(#853),#857);
#853 = LINE('',#854,#855);
#854 = CARTESIAN_POINT('',(37.5,34.));
#855 = VECTOR('',#856,1.);
#856 = DIRECTION('',(0.,1.));
#857 = ( GEOMETRIC_REPRESENTATION_CONTEXT(2) 
PARAMETRIC_REPRESENTATION_CONTEXT() REPRESENTATION_CONTEXT('2D SPACE',''
  ) );
#858 = PCURVE('',#859,#864);
#859 = PLANE('',#860);
#860 = AXIS2_PLACEMENT_3D('',#861,#862,#863);
#861 = CARTESIAN_POINT('',(2.5,0.223220715981,16.192204960831));
#862 = DIRECTION('',(0.866025403784,-3.487823687206E-02,-0.49878202513)
  );
#863 = DIRECTION('',(-0.5,-6.041087834083E-02,-0.863915809427));
#864 = DEFINITIONAL_REPRESENTATION('',(#865),#869);
#865 = LINE('',#866,#867);
#866 = CARTESIAN_POINT('',(0.,-36.));
#867 = VECTOR('',#868,1.);
#868 = DIRECTION('',(-0.,1.));
#869 = ( GEOMETRIC_REPRESENTATION_CONTEXT(2) 
PARAMETRIC_REPRESENTATION_CONTEXT() REPRESENTATION_CONTEXT('2D SPACE',''
  ) );
#870 = ORIENTED_EDGE('',*,*,#871,.F.);
#871 = EDGE_CURVE('',#872,#844,#874,.T.);
#872 = VERTEX_POINT('',#873);
#873 = CARTESIAN_POINT('',(-2.5,-35.68908509337,18.70343801562));
#874 = SURFACE_CURVE('',#875,(#879,#886),.PCURVE_S1.);
#875 = LINE('',#876,#877);
#876 = CARTESIAN_POINT('',(-2.5,-35.68908509337,18.70343801562));
#877 = VECTOR('',#878,1.);
#878 = DIRECTION('',(1.,0.,0.));
#879 = PCURVE('',#285,#880);
#880 = DEFINITIONAL_REPRESENTATION('',(#881),#885);
#881 = LINE('',#882,#883);
#882 = CARTESIAN_POINT('',(32.5,34.));
#883 = VECTOR('',#884,1.);
#884 = DIRECTION('',(1.,0.));
#885 = ( GEOMETRIC_REPRESENTATION_CONTEXT(2) 
PARAMETRIC_REPRESENTATION_CONTEXT() REPRESENTATION_CONTEXT('2D SPACE',''
  ) );
#886 = PCURVE('',#887,#892);
#887 = PLANE('',#888);
#888 = AXIS2_PLACEMENT_3D('',#889,#890,#891);
#889 = CARTESIAN_POINT('',(-1.950216169891E-17,-35.72584532983,
    18.177742142403));
#890 = DIRECTION('',(-0.,0.99756405026,-6.975647374413E-02));
#891 = DIRECTION('',(-1.,0.,0.));
#892 = DEFINITIONAL_REPRESENTATION('',(#893),#897);
#893 = LINE('',#894,#895);
#894 = CARTESIAN_POINT('',(2.5,0.526979568961));
#895 = VECTOR('',#896,1.);
#896 = DIRECTION('',(-1.,0.));
#897 = ( GEOMETRIC_REPRESENTATION_CONTEXT(2) 
PARAMETRIC_REPRESENTATION_CONTEXT() REPRESENTATION_CONTEXT('2D SPACE',''
  ) );
#898 = ORIENTED_EDGE('',*,*,#899,.F.);
#899 = EDGE_CURVE('',#900,#872,#902,.T.);
#900 = VERTEX_POINT('',#901);
#901 = CARTESIAN_POINT('',(-2.5,0.223220715981,16.192204960831));
#902 = SURFACE_CURVE('',#903,(#907,#914),.PCURVE_S1.);
#903 = LINE('',#904,#905);
#904 = CARTESIAN_POINT('',(-2.5,36.135526525335,13.680971906043));
#905 = VECTOR('',#906,1.);
#906 = DIRECTION('',(0.,-0.99756405026,6.975647374413E-02));
#907 = PCURVE('',#285,#908);
#908 = DEFINITIONAL_REPRESENTATION('',(#909),#913);
#909 = LINE('',#910,#911);
#910 = CARTESIAN_POINT('',(32.5,106.));
#911 = VECTOR('',#912,1.);
#912 = DIRECTION('',(0.,-1.));
#913 = ( GEOMETRIC_REPRESENTATION_CONTEXT(2) 
PARAMETRIC_REPRESENTATION_CONTEXT() REPRESENTATION_CONTEXT('2D SPACE',''
  ) );
#914 = PCURVE('',#915,#920);
#915 = PLANE('',#916);
#916 = AXIS2_PLACEMENT_3D('',#917,#918,#919);
#917 = CARTESIAN_POINT('',(-1.807179676972,0.139512947488,14.99512810052
    ));
#918 = DIRECTION('',(-0.866025403784,-3.487823687206E-02,-0.49878202513)
  );
#919 = DIRECTION('',(-0.5,6.041087834083E-02,0.863915809427));
#920 = DEFINITIONAL_REPRESENTATION('',(#921),#925);
#921 = LINE('',#922,#923);
#922 = CARTESIAN_POINT('',(1.385640646055,36.));
#923 = VECTOR('',#924,1.);
#924 = DIRECTION('',(0.,-1.));
#925 = ( GEOMETRIC_REPRESENTATION_CONTEXT(2) 
PARAMETRIC_REPRESENTATION_CONTEXT() REPRESENTATION_CONTEXT('2D SPACE',''
  ) );
#926 = ORIENTED_EDGE('',*,*,#927,.F.);
#927 = EDGE_CURVE('',#928,#900,#930,.T.);
#928 = VERTEX_POINT('',#929);
#929 = CARTESIAN_POINT('',(-6.5,0.223220715981,16.192204960831));
#930 = SURFACE_CURVE('',#931,(#935,#942),.PCURVE_S1.);
#931 = LINE('',#932,#933);
#932 = CARTESIAN_POINT('',(-35.,0.223220715981,16.192204960831));
#933 = VECTOR('',#934,1.);
#934 = DIRECTION('',(1.,0.,-0.));
#935 = PCURVE('',#285,#936);
#936 = DEFINITIONAL_REPRESENTATION('',(#937),#941);
#937 = LINE('',#938,#939);
#938 = CARTESIAN_POINT('',(0.,70.));
#939 = VECTOR('',#940,1.);
#940 = DIRECTION('',(1.,0.));
#941 = ( GEOMETRIC_REPRESENTATION_CONTEXT(2) 
PARAMETRIC_REPRESENTATION_CONTEXT() REPRESENTATION_CONTEXT('2D SPACE',''
  ) );
#942 = PCURVE('',#257,#943);
#943 = DEFINITIONAL_REPRESENTATION('',(#944),#948);
#944 = LINE('',#945,#946);
#945 = CARTESIAN_POINT('',(3.2,0.));
#946 = VECTOR('',#947,1.);
#947 = DIRECTION('',(0.,1.));
#948 = ( GEOMETRIC_REPRESENTATION_CONTEXT(2) 
PARAMETRIC_REPRESENTATION_CONTEXT() REPRESENTATION_CONTEXT('2D SPACE',''
  ) );
#949 = ORIENTED_EDGE('',*,*,#950,.F.);
#950 = EDGE_CURVE('',#951,#928,#953,.T.);
#951 = VERTEX_POINT('',#952);
#952 = CARTESIAN_POINT('',(-6.5,-35.68908509337,18.70343801562));
#953 = SURFACE_CURVE('',#954,(#958,#965),.PCURVE_S1.);
#954 = LINE('',#955,#956);
#955 = CARTESIAN_POINT('',(-6.5,-35.68908509337,18.70343801562));
#956 = VECTOR('',#957,1.);
#957 = DIRECTION('',(0.,0.99756405026,-6.975647374413E-02));
#958 = PCURVE('',#285,#959);
#959 = DEFINITIONAL_REPRESENTATION('',(#960),#964);
#960 = LINE('',#961,#962);
#961 = CARTESIAN_POINT('',(28.5,34.));
#962 = VECTOR('',#963,1.);
#963 = DIRECTION('',(0.,1.));
#964 = ( GEOMETRIC_REPRESENTATION_CONTEXT(2) 
PARAMETRIC_REPRESENTATION_CONTEXT() REPRESENTATION_CONTEXT('2D SPACE',''
  ) );
#965 = PCURVE('',#966,#971);
#966 = PLANE('',#967);
#967 = AXIS2_PLACEMENT_3D('',#968,#969,#970);
#968 = CARTESIAN_POINT('',(-6.5,0.223220715981,16.192204960831));
#969 = DIRECTION('',(0.866025403784,-3.487823687206E-02,-0.49878202513)
  );
#970 = DIRECTION('',(-0.5,-6.041087834083E-02,-0.863915809427));
#971 = DEFINITIONAL_REPRESENTATION('',(#972),#976);
#972 = LINE('',#973,#974);
#973 = CARTESIAN_POINT('',(0.,-36.));
#974 = VECTOR('',#975,1.);
#975 = DIRECTION('',(-0.,1.));
#976 = ( GEOMETRIC_REPRESENTATION_CONTEXT(2) 
PARAMETRIC_REPRESENTATION_CONTEXT() REPRESENTATION_CONTEXT('2D SPACE',''
  ) );
#977 = ORIENTED_EDGE('',*,*,#978,.F.);
#978 = EDGE_CURVE('',#979,#951,#981,.T.);
#979 = VERTEX_POINT('',#980);
#980 = CARTESIAN_POINT('',(-11.5,-35.68908509337,18.70343801562));
#981 = SURFACE_CURVE('',#982,(#986,#993),.PCURVE_S1.);
#982 = LINE('',#983,#984);
#983 = CARTESIAN_POINT('',(-11.5,-35.68908509337,18.70343801562));
#984 = VECTOR('',#985,1.);
#985 = DIRECTION('',(1.,0.,0.));
#986 = PCURVE('',#285,#987);
#987 = DEFINITIONAL_REPRESENTATION('',(#988),#992);
#988 = LINE('',#989,#990);
#989 = CARTESIAN_POINT('',(23.5,34.));
#990 = VECTOR('',#991,1.);
#991 = DIRECTION('',(1.,0.));
#992 = ( GEOMETRIC_REPRESENTATION_CONTEXT(2) 
PARAMETRIC_REPRESENTATION_CONTEXT() REPRESENTATION_CONTEXT('2D SPACE',''
  ) );
#993 = PCURVE('',#994,#999);
#994 = PLANE('',#995);
#995 = AXIS2_PLACEMENT_3D('',#996,#997,#998);
#996 = CARTESIAN_POINT('',(-9.,-35.72584532983,18.177742142403));
#997 = DIRECTION('',(-0.,0.99756405026,-6.975647374413E-02));
#998 = DIRECTION('',(-1.,0.,0.));
#999 = DEFINITIONAL_REPRESENTATION('',(#1000),#1004);
#1000 = LINE('',#1001,#1002);
#1001 = CARTESIAN_POINT('',(2.5,0.526979568961));
#1002 = VECTOR('',#1003,1.);
#1003 = DIRECTION('',(-1.,0.));
#1004 = ( GEOMETRIC_REPRESENTATION_CONTEXT(2) 
PARAMETRIC_REPRESENTATION_CONTEXT() REPRESENTATION_CONTEXT('2D SPACE',''
  ) );
#1005 = ORIENTED_EDGE('',*,*,#1006,.F.);
#1006 = EDGE_CURVE('',#1007,#979,#1009,.T.);
#1007 = VERTEX_POINT('',#1008);
#1008 = CARTESIAN_POINT('',(-11.5,0.223220715981,16.192204960831));
#1009 = SURFACE_CURVE('',#1010,(#1014,#1021),.PCURVE_S1.);
#1010 = LINE('',#1011,#1012);
#1011 = CARTESIAN_POINT('',(-11.5,36.135526525335,13.680971906043));
#1012 = VECTOR('',#1013,1.);
#1013 = DIRECTION('',(0.,-0.99756405026,6.975647374413E-02));
#1014 = PCURVE('',#285,#1015);
#1015 = DEFINITIONAL_REPRESENTATION('',(#1016),#1020);
#1016 = LINE('',#1017,#1018);
#1017 = CARTESIAN_POINT('',(23.5,106.));
#1018 = VECTOR('',#1019,1.);
#1019 = DIRECTION('',(0.,-1.));
#1020 = ( GEOMETRIC_REPRESENTATION_CONTEXT(2) 
PARAMETRIC_REPRESENTATION_CONTEXT() REPRESENTATION_CONTEXT('2D SPACE',''
  ) );
#1021 = PCURVE('',#1022,#1027);
#1022 = PLANE('',#1023);
#1023 = AXIS2_PLACEMENT_3D('',#1024,#1025,#1026);
#1024 = CARTESIAN_POINT('',(-10.80717967697,0.139512947488,
    14.99512810052));
#1025 = DIRECTION('',(-0.866025403784,-3.487823687206E-02,-0.49878202513
    ));
#1026 = DIRECTION('',(-0.5,6.041087834083E-02,0.863915809427));
#1027 = DEFINITIONAL_REPRESENTATION('',(#1028),#1032);
#1028 = LINE('',#1029,#1030);
#1029 = CARTESIAN_POINT('',(1.385640646055,36.));
#1030 = VECTOR('',#1031,1.);
#1031 = DIRECTION('',(0.,-1.));
#1032 = ( GEOMETRIC_REPRESENTATION_CONTEXT(2) 
PARAMETRIC_REPRESENTATION_CONTEXT() REPRESENTATION_CONTEXT('2D SPACE',''
  ) );
#1033 = ORIENTED_EDGE('',*,*,#1034,.F.);
#1034 = EDGE_CURVE('',#1035,#1007,#1037,.T.);
#1035 = VERTEX_POINT('',#1036);
#1036 = CARTESIAN_POINT('',(-15.5,0.223220715981,16.192204960831));
#1037 = SURFACE_CURVE('',#1038,(#1042,#1049),.PCURVE_S1.);
#1038 = LINE('',#1039,#1040);
#1039 = CARTESIAN_POINT('',(-35.,0.223220715981,16.192204960831));
#1040 = VECTOR('',#1041,1.);
#1041 = DIRECTION('',(1.,0.,-0.));
#1042 = PCURVE('',#285,#1043);
#1043 = DEFINITIONAL_REPRESENTATION('',(#1044),#1048);
#1044 = LINE('',#1045,#1046);
#1045 = CARTESIAN_POINT('',(0.,70.));
#1046 = VECTOR('',#1047,1.);
#1047 = DIRECTION('',(1.,0.));
#1048 = ( GEOMETRIC_REPRESENTATION_CONTEXT(2) 
PARAMETRIC_REPRESENTATION_CONTEXT() REPRESENTATION_CONTEXT('2D SPACE',''
  ) );
#1049 = PCURVE('',#257,#1050);
#1050 = DEFINITIONAL_REPRESENTATION('',(#1051),#1055);
#1051 = LINE('',#1052,#1053);
#1052 = CARTESIAN_POINT('',(3.2,0.));
#1053 = VECTOR('',#1054,1.);
#1054 = DIRECTION('',(0.,1.));
#1055 = ( GEOMETRIC_REPRESENTATION_CONTEXT(2) 
PARAMETRIC_REPRESENTATION_CONTEXT() REPRESENTATION_CONTEXT('2D SPACE',''
  ) );
#1056 = ORIENTED_EDGE('',*,*,#1057,.F.);
#1057 = EDGE_CURVE('',#1058,#1035,#1060,.T.);
#1058 = VERTEX_POINT('',#1059);
#1059 = CARTESIAN_POINT('',(-15.5,-35.68908509337,18.70343801562));
#1060 = SURFACE_CURVE('',#1061,(#1065,#1072),.PCURVE_S1.);
#1061 = LINE('',#1062,#1063);
#1062 = CARTESIAN_POINT('',(-15.5,-35.68908509337,18.70343801562));
#1063 = VECTOR('',#1064,1.);
#1064 = DIRECTION('',(0.,0.99756405026,-6.975647374413E-02));
#1065 = PCURVE('',#285,#1066);
#1066 = DEFINITIONAL_REPRESENTATION('',(#1067),#1071);
#1067 = LINE('',#1068,#1069);
#1068 = CARTESIAN_POINT('',(19.5,34.));
#1069 = VECTOR('',#1070,1.);
#1070 = DIRECTION('',(0.,1.));
#1071 = ( GEOMETRIC_REPRESENTATION_CONTEXT(2) 
PARAMETRIC_REPRESENTATION_CONTEXT() REPRESENTATION_CONTEXT('2D SPACE',''
  ) );
#1072 = PCURVE('',#1073,#1078);
#1073 = PLANE('',#1074);
#1074 = AXIS2_PLACEMENT_3D('',#1075,#1076,#1077);
#1075 = CARTESIAN_POINT('',(-15.5,0.223220715981,16.192204960831));
#1076 = DIRECTION('',(0.866025403784,-3.487823687206E-02,-0.49878202513)
  );
#1077 = DIRECTION('',(-0.5,-6.041087834083E-02,-0.863915809427));
#1078 = DEFINITIONAL_REPRESENTATION('',(#1079),#1083);
#1079 = LINE('',#1080,#1081);
#1080 = CARTESIAN_POINT('',(0.,-36.));
#1081 = VECTOR('',#1082,1.);
#1082 = DIRECTION('',(-0.,1.));
#1083 = ( GEOMETRIC_REPRESENTATION_CONTEXT(2) 
PARAMETRIC_REPRESENTATION_CONTEXT() REPRESENTATION_CONTEXT('2D SPACE',''
  ) );
#1084 = ORIENTED_EDGE('',*,*,#1085,.F.);
#1085 = EDGE_CURVE('',#1086,#1058,#1088,.T.);
#1086 = VERTEX_POINT('',#1087);
#1087 = CARTESIAN_POINT('',(-20.5,-35.68908509337,18.70343801562));
#1088 = SURFACE_CURVE('',#1089,(#1093,#1100),.PCURVE_S1.);
#1089 = LINE('',#1090,#1091);
#1090 = CARTESIAN_POINT('',(-20.5,-35.68908509337,18.70343801562));
#1091 = VECTOR('',#1092,1.);
#1092 = DIRECTION('',(1.,0.,0.));
#1093 = PCURVE('',#285,#1094);
#1094 = DEFINITIONAL_REPRESENTATION('',(#1095),#1099);
#1095 = LINE('',#1096,#1097);
#1096 = CARTESIAN_POINT('',(14.5,34.));
#1097 = VECTOR('',#1098,1.);
#1098 = DIRECTION('',(1.,0.));
#1099 = ( GEOMETRIC_REPRESENTATION_CONTEXT(2) 
PARAMETRIC_REPRESENTATION_CONTEXT() REPRESENTATION_CONTEXT('2D SPACE',''
  ) );
#1100 = PCURVE('',#1101,#1106);
#1101 = PLANE('',#1102);
#1102 = AXIS2_PLACEMENT_3D('',#1103,#1104,#1105);
#1103 = CARTESIAN_POINT('',(-18.,-35.72584532983,18.177742142403));
#1104 = DIRECTION('',(-0.,0.99756405026,-6.975647374413E-02));
#1105 = DIRECTION('',(-1.,0.,0.));
#1106 = DEFINITIONAL_REPRESENTATION('',(#1107),#1111);
#1107 = LINE('',#1108,#1109);
#1108 = CARTESIAN_POINT('',(2.5,0.526979568961));
#1109 = VECTOR('',#1110,1.);
#1110 = DIRECTION('',(-1.,0.));
#1111 = ( GEOMETRIC_REPRESENTATION_CONTEXT(2) 
PARAMETRIC_REPRESENTATION_CONTEXT() REPRESENTATION_CONTEXT('2D SPACE',''
  ) );
#1112 = ORIENTED_EDGE('',*,*,#1113,.F.);
#1113 = EDGE_CURVE('',#1114,#1086,#1116,.T.);
#1114 = VERTEX_POINT('',#1115);
#1115 = CARTESIAN_POINT('',(-20.5,0.223220715981,16.192204960831));
#1116 = SURFACE_CURVE('',#1117,(#1121,#1128),.PCURVE_S1.);
#1117 = LINE('',#1118,#1119);
#1118 = CARTESIAN_POINT('',(-20.5,36.135526525335,13.680971906043));
#1119 = VECTOR('',#1120,1.);
#1120 = DIRECTION('',(0.,-0.99756405026,6.975647374413E-02));
#1121 = PCURVE('',#285,#1122);
#1122 = DEFINITIONAL_REPRESENTATION('',(#1123),#1127);
#1123 = LINE('',#1124,#1125);
#1124 = CARTESIAN_POINT('',(14.5,106.));
#1125 = VECTOR('',#1126,1.);
#1126 = DIRECTION('',(0.,-1.));
#1127 = ( GEOMETRIC_REPRESENTATION_CONTEXT(2) 
PARAMETRIC_REPRESENTATION_CONTEXT() REPRESENTATION_CONTEXT('2D SPACE',''
  ) );
#1128 = PCURVE('',#1129,#1134);
#1129 = PLANE('',#1130);
#1130 = AXIS2_PLACEMENT_3D('',#1131,#1132,#1133);
#1131 = CARTESIAN_POINT('',(-19.80717967697,0.139512947488,
    14.99512810052));
#1132 = DIRECTION('',(-0.866025403784,-3.487823687206E-02,-0.49878202513
    ));
#1133 = DIRECTION('',(-0.5,6.041087834083E-02,0.863915809427));
#1134 = DEFINITIONAL_REPRESENTATION('',(#1135),#1139);
#1135 = LINE('',#1136,#1137);
#1136 = CARTESIAN_POINT('',(1.385640646055,36.));
#1137 = VECTOR('',#1138,1.);
#1138 = DIRECTION('',(0.,-1.));
#1139 = ( GEOMETRIC_REPRESENTATION_CONTEXT(2) 
PARAMETRIC_REPRESENTATION_CONTEXT() REPRESENTATION_CONTEXT('2D SPACE',''
  ) );
#1140 = ORIENTED_EDGE('',*,*,#1141,.F.);
#1141 = EDGE_CURVE('',#1142,#1114,#1144,.T.);
#1142 = VERTEX_POINT('',#1143);
#1143 = CARTESIAN_POINT('',(-24.5,0.223220715981,16.192204960831));
#1144 = SURFACE_CURVE('',#1145,(#1149,#1156),.PCURVE_S1.);
#1145 = LINE('',#1146,#1147);
#1146 = CARTESIAN_POINT('',(-35.,0.223220715981,16.192204960831));
#1147 = VECTOR('',#1148,1.);
#1148 = DIRECTION('',(1.,0.,-0.));
#1149 = PCURVE('',#285,#1150);
#1150 = DEFINITIONAL_REPRESENTATION('',(#1151),#1155);
#1151 = LINE('',#1152,#1153);
#1152 = CARTESIAN_POINT('',(0.,70.));
#1153 = VECTOR('',#1154,1.);
#1154 = DIRECTION('',(1.,0.));
#1155 = ( GEOMETRIC_REPRESENTATION_CONTEXT(2) 
PARAMETRIC_REPRESENTATION_CONTEXT() REPRESENTATION_CONTEXT('2D SPACE',''
  ) );
#1156 = PCURVE('',#257,#1157);
#1157 = DEFINITIONAL_REPRESENTATION('',(#1158),#1162);
#1158 = LINE('',#1159,#1160);
#1159 = CARTESIAN_POINT('',(3.2,0.));
#1160 = VECTOR('',#1161,1.);
#1161 = DIRECTION('',(0.,1.));
#1162 = ( GEOMETRIC_REPRESENTATION_CONTEXT(2) 
PARAMETRIC_REPRESENTATION_CONTEXT() REPRESENTATION_CONTEXT('2D SPACE',''
  ) );
#1163 = ORIENTED_EDGE('',*,*,#1164,.F.);
#1164 = EDGE_CURVE('',#1165,#1142,#1167,.T.);
#1165 = VERTEX_POINT('',#1166);
#1166 = CARTESIAN_POINT('',(-24.5,-35.68908509337,18.70343801562));
#1167 = SURFACE_CURVE('',#1168,(#1172,#1179),.PCURVE_S1.);
#1168 = LINE('',#1169,#1170);
#1169 = CARTESIAN_POINT('',(-24.5,-35.68908509337,18.70343801562));
#1170 = VECTOR('',#1171,1.);
#1171 = DIRECTION('',(0.,0.99756405026,-6.975647374413E-02));
#1172 = PCURVE('',#285,#1173);
#1173 = DEFINITIONAL_REPRESENTATION('',(#1174),#1178);
#1174 = LINE('',#1175,#1176);
#1175 = CARTESIAN_POINT('',(10.5,34.));
#1176 = VECTOR('',#1177,1.);
#1177 = DIRECTION('',(0.,1.));
#1178 = ( GEOMETRIC_REPRESENTATION_CONTEXT(2) 
PARAMETRIC_REPRESENTATION_CONTEXT() REPRESENTATION_CONTEXT('2D SPACE',''
  ) );
#1179 = PCURVE('',#1180,#1185);
#1180 = PLANE('',#1181);
#1181 = AXIS2_PLACEMENT_3D('',#1182,#1183,#1184);
#1182 = CARTESIAN_POINT('',(-24.5,0.223220715981,16.192204960831));
#1183 = DIRECTION('',(0.866025403784,-3.487823687206E-02,-0.49878202513)
  );
#1184 = DIRECTION('',(-0.5,-6.041087834083E-02,-0.863915809427));
#1185 = DEFINITIONAL_REPRESENTATION('',(#1186),#1190);
#1186 = LINE('',#1187,#1188);
#1187 = CARTESIAN_POINT('',(0.,-36.));
#1188 = VECTOR('',#1189,1.);
#1189 = DIRECTION('',(-0.,1.));
#1190 = ( GEOMETRIC_REPRESENTATION_CONTEXT(2) 
PARAMETRIC_REPRESENTATION_CONTEXT() REPRESENTATION_CONTEXT('2D SPACE',''
  ) );
#1191 = ORIENTED_EDGE('',*,*,#1192,.F.);
#1192 = EDGE_CURVE('',#1193,#1165,#1195,.T.);
#1193 = VERTEX_POINT('',#1194);
#1194 = CARTESIAN_POINT('',(-29.5,-35.68908509337,18.70343801562));
#1195 = SURFACE_CURVE('',#1196,(#1200,#1207),.PCURVE_S1.);
#1196 = LINE('',#1197,#1198);
#1197 = CARTESIAN_POINT('',(-29.5,-35.68908509337,18.70343801562));
#1198 = VECTOR('',#1199,1.);
#1199 = DIRECTION('',(1.,0.,0.));
#1200 = PCURVE('',#285,#1201);
#1201 = DEFINITIONAL_REPRESENTATION('',(#1202),#1206);
#1202 = LINE('',#1203,#1204);
#1203 = CARTESIAN_POINT('',(5.5,34.));
#1204 = VECTOR('',#1205,1.);
#1205 = DIRECTION('',(1.,0.));
#1206 = ( GEOMETRIC_REPRESENTATION_CONTEXT(2) 
PARAMETRIC_REPRESENTATION_CONTEXT() REPRESENTATION_CONTEXT('2D SPACE',''
  ) );
#1207 = PCURVE('',#1208,#1213);
#1208 = PLANE('',#1209);
#1209 = AXIS2_PLACEMENT_3D('',#1210,#1211,#1212);
#1210 = CARTESIAN_POINT('',(-27.,-35.72584532983,18.177742142403));
#1211 = DIRECTION('',(-0.,0.99756405026,-6.975647374413E-02));
#1212 = DIRECTION('',(-1.,0.,0.));
#1213 = DEFINITIONAL_REPRESENTATION('',(#1214),#1218);
#1214 = LINE('',#1215,#1216);
#1215 = CARTESIAN_POINT('',(2.5,0.526979568961));
#1216 = VECTOR('',#1217,1.);
#1217 = DIRECTION('',(-1.,0.));
#1218 = ( GEOMETRIC_REPRESENTATION_CONTEXT(2) 
PARAMETRIC_REPRESENTATION_CONTEXT() REPRESENTATION_CONTEXT('2D SPACE',''
  ) );
#1219 = ORIENTED_EDGE('',*,*,#1220,.F.);
#1220 = EDGE_CURVE('',#452,#1193,#1221,.T.);
#1221 = SURFACE_CURVE('',#1222,(#1226,#1233),.PCURVE_S1.);
#1222 = LINE('',#1223,#1224);
#1223 = CARTESIAN_POINT('',(-29.5,36.135526525335,13.680971906043));
#1224 = VECTOR('',#1225,1.);
#1225 = DIRECTION('',(0.,-0.99756405026,6.975647374413E-02));
#1226 = PCURVE('',#285,#1227);
#1227 = DEFINITIONAL_REPRESENTATION('',(#1228),#1232);
#1228 = LINE('',#1229,#1230);
#1229 = CARTESIAN_POINT('',(5.5,106.));
#1230 = VECTOR('',#1231,1.);
#1231 = DIRECTION('',(0.,-1.));
#1232 = ( GEOMETRIC_REPRESENTATION_CONTEXT(2) 
PARAMETRIC_REPRESENTATION_CONTEXT() REPRESENTATION_CONTEXT('2D SPACE',''
  ) );
#1233 = PCURVE('',#1234,#1239);
#1234 = PLANE('',#1235);
#1235 = AXIS2_PLACEMENT_3D('',#1236,#1237,#1238);
#1236 = CARTESIAN_POINT('',(-28.80717967697,0.139512947488,
    14.99512810052));
#1237 = DIRECTION('',(-0.866025403784,-3.487823687206E-02,-0.49878202513
    ));
#1238 = DIRECTION('',(-0.5,6.041087834083E-02,0.863915809427));
#1239 = DEFINITIONAL_REPRESENTATION('',(#1240),#1244);
#1240 = LINE('',#1241,#1242);
#1241 = CARTESIAN_POINT('',(1.385640646055,36.));
#1242 = VECTOR('',#1243,1.);
#1243 = DIRECTION('',(0.,-1.));
#1244 = ( GEOMETRIC_REPRESENTATION_CONTEXT(2) 
PARAMETRIC_REPRESENTATION_CONTEXT() REPRESENTATION_CONTEXT('2D SPACE',''
  ) );
#1245 = ADVANCED_FACE('',(#1246),#257,.T.);
#1246 = FACE_BOUND('',#1247,.T.);
#1247 = EDGE_LOOP('',(#1248,#1271,#1292,#1293,#1294,#1316,#1343,#1363,
    #1364,#1386,#1413,#1433,#1434,#1456,#1483,#1503,#1504,#1526,#1553,
    #1573,#1574,#1596,#1623,#1643,#1644,#1666,#1693,#1713,#1714,#1736,
    #1763,#1783));
#1248 = ORIENTED_EDGE('',*,*,#1249,.T.);
#1249 = EDGE_CURVE('',#477,#1250,#1252,.T.);
#1250 = VERTEX_POINT('',#1251);
#1251 = CARTESIAN_POINT('',(35.,-0.209269421232,10.007307849221));
#1252 = SURFACE_CURVE('',#1253,(#1257,#1264),.PCURVE_S1.);
#1253 = LINE('',#1254,#1255);
#1254 = CARTESIAN_POINT('',(35.,0.223220715981,16.192204960831));
#1255 = VECTOR('',#1256,1.);
#1256 = DIRECTION('',(0.,-6.975647374413E-02,-0.99756405026));
#1257 = PCURVE('',#257,#1258);
#1258 = DEFINITIONAL_REPRESENTATION('',(#1259),#1263);
#1259 = LINE('',#1260,#1261);
#1260 = CARTESIAN_POINT('',(3.2,70.));
#1261 = VECTOR('',#1262,1.);
#1262 = DIRECTION('',(-1.,0.));
#1263 = ( GEOMETRIC_REPRESENTATION_CONTEXT(2) 
PARAMETRIC_REPRESENTATION_CONTEXT() REPRESENTATION_CONTEXT('2D SPACE',''
  ) );
#1264 = PCURVE('',#366,#1265);
#1265 = DEFINITIONAL_REPRESENTATION('',(#1266),#1270);
#1266 = LINE('',#1267,#1268);
#1267 = CARTESIAN_POINT('',(3.2,-70.));
#1268 = VECTOR('',#1269,1.);
#1269 = DIRECTION('',(-1.,4.861167905964E-18));
#1270 = ( GEOMETRIC_REPRESENTATION_CONTEXT(2) 
PARAMETRIC_REPRESENTATION_CONTEXT() REPRESENTATION_CONTEXT('2D SPACE',''
  ) );
#1271 = ORIENTED_EDGE('',*,*,#1272,.F.);
#1272 = EDGE_CURVE('',#214,#1250,#1273,.T.);
#1273 = SURFACE_CURVE('',#1274,(#1278,#1285),.PCURVE_S1.);
#1274 = LINE('',#1275,#1276);
#1275 = CARTESIAN_POINT('',(-35.,-0.209269421232,10.007307849221));
#1276 = VECTOR('',#1277,1.);
#1277 = DIRECTION('',(1.,0.,-0.));
#1278 = PCURVE('',#257,#1279);
#1279 = DEFINITIONAL_REPRESENTATION('',(#1280),#1284);
#1280 = LINE('',#1281,#1282);
#1281 = CARTESIAN_POINT('',(-3.,0.));
#1282 = VECTOR('',#1283,1.);
#1283 = DIRECTION('',(0.,1.));
#1284 = ( GEOMETRIC_REPRESENTATION_CONTEXT(2) 
PARAMETRIC_REPRESENTATION_CONTEXT() REPRESENTATION_CONTEXT('2D SPACE',''
  ) );
#1285 = PCURVE('',#229,#1286);
#1286 = DEFINITIONAL_REPRESENTATION('',(#1287),#1291);
#1287 = LINE('',#1288,#1289);
#1288 = CARTESIAN_POINT('',(0.,2.4));
#1289 = VECTOR('',#1290,1.);
#1290 = DIRECTION('',(1.,0.));
#1291 = ( GEOMETRIC_REPRESENTATION_CONTEXT(2) 
PARAMETRIC_REPRESENTATION_CONTEXT() REPRESENTATION_CONTEXT('2D SPACE',''
  ) );
#1292 = ORIENTED_EDGE('',*,*,#241,.F.);
#1293 = ORIENTED_EDGE('',*,*,#451,.T.);
#1294 = ORIENTED_EDGE('',*,*,#1295,.F.);
#1295 = EDGE_CURVE('',#1296,#452,#1298,.T.);
#1296 = VERTEX_POINT('',#1297);
#1297 = CARTESIAN_POINT('',(-28.80717967697,0.139512947488,
    14.99512810052));
#1298 = SURFACE_CURVE('',#1299,(#1303,#1310),.PCURVE_S1.);
#1299 = LINE('',#1300,#1301);
#1300 = CARTESIAN_POINT('',(-29.14826951545,0.18072402096,
    15.584473908326));
#1301 = VECTOR('',#1302,1.);
#1302 = DIRECTION('',(-0.5,6.041087834083E-02,0.863915809427));
#1303 = PCURVE('',#257,#1304);
#1304 = DEFINITIONAL_REPRESENTATION('',(#1305),#1309);
#1305 = LINE('',#1306,#1307);
#1306 = CARTESIAN_POINT('',(2.590784930204,5.851730484541));
#1307 = VECTOR('',#1308,1.);
#1308 = DIRECTION('',(0.866025403784,-0.5));
#1309 = ( GEOMETRIC_REPRESENTATION_CONTEXT(2) 
PARAMETRIC_REPRESENTATION_CONTEXT() REPRESENTATION_CONTEXT('2D SPACE',''
  ) );
#1310 = PCURVE('',#1234,#1311);
#1311 = DEFINITIONAL_REPRESENTATION('',(#1312),#1315);
#1312 = B_SPLINE_CURVE_WITH_KNOTS('',1,(#1313,#1314),.UNSPECIFIED.,.F.,
  .F.,(2,2),(-0.682179676972,0.703460969083),.PIECEWISE_BEZIER_KNOTS.);
#1313 = CARTESIAN_POINT('',(0.,0.));
#1314 = CARTESIAN_POINT('',(1.385640646055,0.));
#1315 = ( GEOMETRIC_REPRESENTATION_CONTEXT(2) 
PARAMETRIC_REPRESENTATION_CONTEXT() REPRESENTATION_CONTEXT('2D SPACE',''
  ) );
#1316 = ORIENTED_EDGE('',*,*,#1317,.F.);
#1317 = EDGE_CURVE('',#1318,#1296,#1320,.T.);
#1318 = VERTEX_POINT('',#1319);
#1319 = CARTESIAN_POINT('',(-25.19282032302,0.139512947488,
    14.99512810052));
#1320 = SURFACE_CURVE('',#1321,(#1325,#1332),.PCURVE_S1.);
#1321 = LINE('',#1322,#1323);
#1322 = CARTESIAN_POINT('',(-30.09641016151,0.139512947488,
    14.99512810052));
#1323 = VECTOR('',#1324,1.);
#1324 = DIRECTION('',(-1.,0.,0.));
#1325 = PCURVE('',#257,#1326);
#1326 = DEFINITIONAL_REPRESENTATION('',(#1327),#1331);
#1327 = LINE('',#1328,#1329);
#1328 = CARTESIAN_POINT('',(2.,4.903589838486));
#1329 = VECTOR('',#1330,1.);
#1330 = DIRECTION('',(0.,-1.));
#1331 = ( GEOMETRIC_REPRESENTATION_CONTEXT(2) 
PARAMETRIC_REPRESENTATION_CONTEXT() REPRESENTATION_CONTEXT('2D SPACE',''
  ) );
#1332 = PCURVE('',#1333,#1338);
#1333 = PLANE('',#1334);
#1334 = AXIS2_PLACEMENT_3D('',#1335,#1336,#1337);
#1335 = CARTESIAN_POINT('',(-25.19282032302,0.139512947488,
    14.99512810052));
#1336 = DIRECTION('',(-0.,-6.975647374413E-02,-0.99756405026));
#1337 = DIRECTION('',(-1.,0.,0.));
#1338 = DEFINITIONAL_REPRESENTATION('',(#1339),#1342);
#1339 = B_SPLINE_CURVE_WITH_KNOTS('',1,(#1340,#1341),.UNSPECIFIED.,.F.,
  .F.,(2,2),(-4.903589838486,-1.289230484541),.PIECEWISE_BEZIER_KNOTS.);
#1340 = CARTESIAN_POINT('',(0.,0.));
#1341 = CARTESIAN_POINT('',(3.614359353945,0.));
#1342 = ( GEOMETRIC_REPRESENTATION_CONTEXT(2) 
PARAMETRIC_REPRESENTATION_CONTEXT() REPRESENTATION_CONTEXT('2D SPACE',''
  ) );
#1343 = ORIENTED_EDGE('',*,*,#1344,.F.);
#1344 = EDGE_CURVE('',#1142,#1318,#1345,.T.);
#1345 = SURFACE_CURVE('',#1346,(#1350,#1357),.PCURVE_S1.);
#1346 = LINE('',#1347,#1348);
#1347 = CARTESIAN_POINT('',(-26.50532032302,-1.906560815644E-02,
    12.727349100774));
#1348 = VECTOR('',#1349,1.);
#1349 = DIRECTION('',(-0.5,-6.041087834083E-02,-0.863915809427));
#1350 = PCURVE('',#257,#1351);
#1351 = DEFINITIONAL_REPRESENTATION('',(#1352),#1356);
#1352 = LINE('',#1353,#1354);
#1353 = CARTESIAN_POINT('',(-0.273316684934,8.494679676972));
#1354 = VECTOR('',#1355,1.);
#1355 = DIRECTION('',(-0.866025403784,-0.5));
#1356 = ( GEOMETRIC_REPRESENTATION_CONTEXT(2) 
PARAMETRIC_REPRESENTATION_CONTEXT() REPRESENTATION_CONTEXT('2D SPACE',''
  ) );
#1357 = PCURVE('',#1180,#1358);
#1358 = DEFINITIONAL_REPRESENTATION('',(#1359),#1362);
#1359 = B_SPLINE_CURVE_WITH_KNOTS('',1,(#1360,#1361),.UNSPECIFIED.,.F.,
  .F.,(2,2),(-4.010640646055,-2.625),.PIECEWISE_BEZIER_KNOTS.);
#1360 = CARTESIAN_POINT('',(0.,0.));
#1361 = CARTESIAN_POINT('',(1.385640646055,0.));
#1362 = ( GEOMETRIC_REPRESENTATION_CONTEXT(2) 
PARAMETRIC_REPRESENTATION_CONTEXT() REPRESENTATION_CONTEXT('2D SPACE',''
  ) );
#1363 = ORIENTED_EDGE('',*,*,#1141,.T.);
#1364 = ORIENTED_EDGE('',*,*,#1365,.F.);
#1365 = EDGE_CURVE('',#1366,#1114,#1368,.T.);
#1366 = VERTEX_POINT('',#1367);
#1367 = CARTESIAN_POINT('',(-19.80717967697,0.139512947488,
    14.99512810052));
#1368 = SURFACE_CURVE('',#1369,(#1373,#1380),.PCURVE_S1.);
#1369 = LINE('',#1370,#1371);
#1370 = CARTESIAN_POINT('',(-21.27326951545,0.316648497227,
    17.528284479537));
#1371 = VECTOR('',#1372,1.);
#1372 = DIRECTION('',(-0.5,6.041087834083E-02,0.863915809427));
#1373 = PCURVE('',#257,#1374);
#1374 = DEFINITIONAL_REPRESENTATION('',(#1375),#1379);
#1375 = LINE('',#1376,#1377);
#1376 = CARTESIAN_POINT('',(4.539342088719,13.726730484541));
#1377 = VECTOR('',#1378,1.);
#1378 = DIRECTION('',(0.866025403784,-0.5));
#1379 = ( GEOMETRIC_REPRESENTATION_CONTEXT(2) 
PARAMETRIC_REPRESENTATION_CONTEXT() REPRESENTATION_CONTEXT('2D SPACE',''
  ) );
#1380 = PCURVE('',#1129,#1381);
#1381 = DEFINITIONAL_REPRESENTATION('',(#1382),#1385);
#1382 = B_SPLINE_CURVE_WITH_KNOTS('',1,(#1383,#1384),.UNSPECIFIED.,.F.,
  .F.,(2,2),(-2.932179676972,-1.546539030917),.PIECEWISE_BEZIER_KNOTS.);
#1383 = CARTESIAN_POINT('',(0.,0.));
#1384 = CARTESIAN_POINT('',(1.385640646055,0.));
#1385 = ( GEOMETRIC_REPRESENTATION_CONTEXT(2) 
PARAMETRIC_REPRESENTATION_CONTEXT() REPRESENTATION_CONTEXT('2D SPACE',''
  ) );
#1386 = ORIENTED_EDGE('',*,*,#1387,.F.);
#1387 = EDGE_CURVE('',#1388,#1366,#1390,.T.);
#1388 = VERTEX_POINT('',#1389);
#1389 = CARTESIAN_POINT('',(-16.19282032302,0.139512947488,
    14.99512810052));
#1390 = SURFACE_CURVE('',#1391,(#1395,#1402),.PCURVE_S1.);
#1391 = LINE('',#1392,#1393);
#1392 = CARTESIAN_POINT('',(-25.59641016151,0.139512947488,
    14.99512810052));
#1393 = VECTOR('',#1394,1.);
#1394 = DIRECTION('',(-1.,0.,0.));
#1395 = PCURVE('',#257,#1396);
#1396 = DEFINITIONAL_REPRESENTATION('',(#1397),#1401);
#1397 = LINE('',#1398,#1399);
#1398 = CARTESIAN_POINT('',(2.,9.403589838486));
#1399 = VECTOR('',#1400,1.);
#1400 = DIRECTION('',(0.,-1.));
#1401 = ( GEOMETRIC_REPRESENTATION_CONTEXT(2) 
PARAMETRIC_REPRESENTATION_CONTEXT() REPRESENTATION_CONTEXT('2D SPACE',''
  ) );
#1402 = PCURVE('',#1403,#1408);
#1403 = PLANE('',#1404);
#1404 = AXIS2_PLACEMENT_3D('',#1405,#1406,#1407);
#1405 = CARTESIAN_POINT('',(-16.19282032302,0.139512947488,
    14.99512810052));
#1406 = DIRECTION('',(-0.,-6.975647374413E-02,-0.99756405026));
#1407 = DIRECTION('',(-1.,0.,0.));
#1408 = DEFINITIONAL_REPRESENTATION('',(#1409),#1412);
#1409 = B_SPLINE_CURVE_WITH_KNOTS('',1,(#1410,#1411),.UNSPECIFIED.,.F.,
  .F.,(2,2),(-9.403589838486,-5.789230484541),.PIECEWISE_BEZIER_KNOTS.);
#1410 = CARTESIAN_POINT('',(0.,0.));
#1411 = CARTESIAN_POINT('',(3.614359353945,0.));
#1412 = ( GEOMETRIC_REPRESENTATION_CONTEXT(2) 
PARAMETRIC_REPRESENTATION_CONTEXT() REPRESENTATION_CONTEXT('2D SPACE',''
  ) );
#1413 = ORIENTED_EDGE('',*,*,#1414,.F.);
#1414 = EDGE_CURVE('',#1035,#1388,#1415,.T.);
#1415 = SURFACE_CURVE('',#1416,(#1420,#1427),.PCURVE_S1.);
#1416 = LINE('',#1417,#1418);
#1417 = CARTESIAN_POINT('',(-18.63032032302,-0.154990084423,
    10.783538529563));
#1418 = VECTOR('',#1419,1.);
#1419 = DIRECTION('',(-0.5,-6.041087834083E-02,-0.863915809427));
#1420 = PCURVE('',#257,#1421);
#1421 = DEFINITIONAL_REPRESENTATION('',(#1422),#1426);
#1422 = LINE('',#1423,#1424);
#1423 = CARTESIAN_POINT('',(-2.221873843449,16.369679676972));
#1424 = VECTOR('',#1425,1.);
#1425 = DIRECTION('',(-0.866025403784,-0.5));
#1426 = ( GEOMETRIC_REPRESENTATION_CONTEXT(2) 
PARAMETRIC_REPRESENTATION_CONTEXT() REPRESENTATION_CONTEXT('2D SPACE',''
  ) );
#1427 = PCURVE('',#1073,#1428);
#1428 = DEFINITIONAL_REPRESENTATION('',(#1429),#1432);
#1429 = B_SPLINE_CURVE_WITH_KNOTS('',1,(#1430,#1431),.UNSPECIFIED.,.F.,
  .F.,(2,2),(-6.260640646055,-4.875),.PIECEWISE_BEZIER_KNOTS.);
#1430 = CARTESIAN_POINT('',(0.,0.));
#1431 = CARTESIAN_POINT('',(1.385640646055,0.));
#1432 = ( GEOMETRIC_REPRESENTATION_CONTEXT(2) 
PARAMETRIC_REPRESENTATION_CONTEXT() REPRESENTATION_CONTEXT('2D SPACE',''
  ) );
#1433 = ORIENTED_EDGE('',*,*,#1034,.T.);
#1434 = ORIENTED_EDGE('',*,*,#1435,.F.);
#1435 = EDGE_CURVE('',#1436,#1007,#1438,.T.);
#1436 = VERTEX_POINT('',#1437);
#1437 = CARTESIAN_POINT('',(-10.80717967697,0.139512947488,
    14.99512810052));
#1438 = SURFACE_CURVE('',#1439,(#1443,#1450),.PCURVE_S1.);
#1439 = LINE('',#1440,#1441);
#1440 = CARTESIAN_POINT('',(-13.39826951545,0.452572973494,
    19.472095050748));
#1441 = VECTOR('',#1442,1.);
#1442 = DIRECTION('',(-0.5,6.041087834083E-02,0.863915809427));
#1443 = PCURVE('',#257,#1444);
#1444 = DEFINITIONAL_REPRESENTATION('',(#1445),#1449);
#1445 = LINE('',#1446,#1447);
#1446 = CARTESIAN_POINT('',(6.487899247234,21.601730484541));
#1447 = VECTOR('',#1448,1.);
#1448 = DIRECTION('',(0.866025403784,-0.5));
#1449 = ( GEOMETRIC_REPRESENTATION_CONTEXT(2) 
PARAMETRIC_REPRESENTATION_CONTEXT() REPRESENTATION_CONTEXT('2D SPACE',''
  ) );
#1450 = PCURVE('',#1022,#1451);
#1451 = DEFINITIONAL_REPRESENTATION('',(#1452),#1455);
#1452 = B_SPLINE_CURVE_WITH_KNOTS('',1,(#1453,#1454),.UNSPECIFIED.,.F.,
  .F.,(2,2),(-5.182179676972,-3.796539030917),.PIECEWISE_BEZIER_KNOTS.);
#1453 = CARTESIAN_POINT('',(0.,0.));
#1454 = CARTESIAN_POINT('',(1.385640646055,0.));
#1455 = ( GEOMETRIC_REPRESENTATION_CONTEXT(2) 
PARAMETRIC_REPRESENTATION_CONTEXT() REPRESENTATION_CONTEXT('2D SPACE',''
  ) );
#1456 = ORIENTED_EDGE('',*,*,#1457,.F.);
#1457 = EDGE_CURVE('',#1458,#1436,#1460,.T.);
#1458 = VERTEX_POINT('',#1459);
#1459 = CARTESIAN_POINT('',(-7.192820323028,0.139512947488,
    14.99512810052));
#1460 = SURFACE_CURVE('',#1461,(#1465,#1472),.PCURVE_S1.);
#1461 = LINE('',#1462,#1463);
#1462 = CARTESIAN_POINT('',(-21.09641016151,0.139512947488,
    14.99512810052));
#1463 = VECTOR('',#1464,1.);
#1464 = DIRECTION('',(-1.,0.,0.));
#1465 = PCURVE('',#257,#1466);
#1466 = DEFINITIONAL_REPRESENTATION('',(#1467),#1471);
#1467 = LINE('',#1468,#1469);
#1468 = CARTESIAN_POINT('',(2.,13.903589838486));
#1469 = VECTOR('',#1470,1.);
#1470 = DIRECTION('',(0.,-1.));
#1471 = ( GEOMETRIC_REPRESENTATION_CONTEXT(2) 
PARAMETRIC_REPRESENTATION_CONTEXT() REPRESENTATION_CONTEXT('2D SPACE',''
  ) );
#1472 = PCURVE('',#1473,#1478);
#1473 = PLANE('',#1474);
#1474 = AXIS2_PLACEMENT_3D('',#1475,#1476,#1477);
#1475 = CARTESIAN_POINT('',(-7.192820323028,0.139512947488,
    14.99512810052));
#1476 = DIRECTION('',(-0.,-6.975647374413E-02,-0.99756405026));
#1477 = DIRECTION('',(-1.,0.,0.));
#1478 = DEFINITIONAL_REPRESENTATION('',(#1479),#1482);
#1479 = B_SPLINE_CURVE_WITH_KNOTS('',1,(#1480,#1481),.UNSPECIFIED.,.F.,
  .F.,(2,2),(-13.90358983848,-10.28923048454),.PIECEWISE_BEZIER_KNOTS.);
#1480 = CARTESIAN_POINT('',(0.,0.));
#1481 = CARTESIAN_POINT('',(3.614359353945,0.));
#1482 = ( GEOMETRIC_REPRESENTATION_CONTEXT(2) 
PARAMETRIC_REPRESENTATION_CONTEXT() REPRESENTATION_CONTEXT('2D SPACE',''
  ) );
#1483 = ORIENTED_EDGE('',*,*,#1484,.F.);
#1484 = EDGE_CURVE('',#928,#1458,#1485,.T.);
#1485 = SURFACE_CURVE('',#1486,(#1490,#1497),.PCURVE_S1.);
#1486 = LINE('',#1487,#1488);
#1487 = CARTESIAN_POINT('',(-10.75532032302,-0.29091456069,
    8.839727958352));
#1488 = VECTOR('',#1489,1.);
#1489 = DIRECTION('',(-0.5,-6.041087834083E-02,-0.863915809427));
#1490 = PCURVE('',#257,#1491);
#1491 = DEFINITIONAL_REPRESENTATION('',(#1492),#1496);
#1492 = LINE('',#1493,#1494);
#1493 = CARTESIAN_POINT('',(-4.170431001964,24.244679676972));
#1494 = VECTOR('',#1495,1.);
#1495 = DIRECTION('',(-0.866025403784,-0.5));
#1496 = ( GEOMETRIC_REPRESENTATION_CONTEXT(2) 
PARAMETRIC_REPRESENTATION_CONTEXT() REPRESENTATION_CONTEXT('2D SPACE',''
  ) );
#1497 = PCURVE('',#966,#1498);
#1498 = DEFINITIONAL_REPRESENTATION('',(#1499),#1502);
#1499 = B_SPLINE_CURVE_WITH_KNOTS('',1,(#1500,#1501),.UNSPECIFIED.,.F.,
  .F.,(2,2),(-8.510640646055,-7.125),.PIECEWISE_BEZIER_KNOTS.);
#1500 = CARTESIAN_POINT('',(0.,0.));
#1501 = CARTESIAN_POINT('',(1.385640646055,0.));
#1502 = ( GEOMETRIC_REPRESENTATION_CONTEXT(2) 
PARAMETRIC_REPRESENTATION_CONTEXT() REPRESENTATION_CONTEXT('2D SPACE',''
  ) );
#1503 = ORIENTED_EDGE('',*,*,#927,.T.);
#1504 = ORIENTED_EDGE('',*,*,#1505,.F.);
#1505 = EDGE_CURVE('',#1506,#900,#1508,.T.);
#1506 = VERTEX_POINT('',#1507);
#1507 = CARTESIAN_POINT('',(-1.807179676972,0.139512947488,
    14.99512810052));
#1508 = SURFACE_CURVE('',#1509,(#1513,#1520),.PCURVE_S1.);
#1509 = LINE('',#1510,#1511);
#1510 = CARTESIAN_POINT('',(-5.523269515459,0.588497449761,
    21.415905621959));
#1511 = VECTOR('',#1512,1.);
#1512 = DIRECTION('',(-0.5,6.041087834083E-02,0.863915809427));
#1513 = PCURVE('',#257,#1514);
#1514 = DEFINITIONAL_REPRESENTATION('',(#1515),#1519);
#1515 = LINE('',#1516,#1517);
#1516 = CARTESIAN_POINT('',(8.436456405749,29.476730484541));
#1517 = VECTOR('',#1518,1.);
#1518 = DIRECTION('',(0.866025403784,-0.5));
#1519 = ( GEOMETRIC_REPRESENTATION_CONTEXT(2) 
PARAMETRIC_REPRESENTATION_CONTEXT() REPRESENTATION_CONTEXT('2D SPACE',''
  ) );
#1520 = PCURVE('',#915,#1521);
#1521 = DEFINITIONAL_REPRESENTATION('',(#1522),#1525);
#1522 = B_SPLINE_CURVE_WITH_KNOTS('',1,(#1523,#1524),.UNSPECIFIED.,.F.,
  .F.,(2,2),(-7.432179676972,-6.046539030917),.PIECEWISE_BEZIER_KNOTS.);
#1523 = CARTESIAN_POINT('',(0.,0.));
#1524 = CARTESIAN_POINT('',(1.385640646055,0.));
#1525 = ( GEOMETRIC_REPRESENTATION_CONTEXT(2) 
PARAMETRIC_REPRESENTATION_CONTEXT() REPRESENTATION_CONTEXT('2D SPACE',''
  ) );
#1526 = ORIENTED_EDGE('',*,*,#1527,.F.);
#1527 = EDGE_CURVE('',#1528,#1506,#1530,.T.);
#1528 = VERTEX_POINT('',#1529);
#1529 = CARTESIAN_POINT('',(1.807179676972,0.139512947488,14.99512810052
    ));
#1530 = SURFACE_CURVE('',#1531,(#1535,#1542),.PCURVE_S1.);
#1531 = LINE('',#1532,#1533);
#1532 = CARTESIAN_POINT('',(-16.59641016151,0.139512947488,
    14.99512810052));
#1533 = VECTOR('',#1534,1.);
#1534 = DIRECTION('',(-1.,0.,0.));
#1535 = PCURVE('',#257,#1536);
#1536 = DEFINITIONAL_REPRESENTATION('',(#1537),#1541);
#1537 = LINE('',#1538,#1539);
#1538 = CARTESIAN_POINT('',(2.,18.403589838486));
#1539 = VECTOR('',#1540,1.);
#1540 = DIRECTION('',(0.,-1.));
#1541 = ( GEOMETRIC_REPRESENTATION_CONTEXT(2) 
PARAMETRIC_REPRESENTATION_CONTEXT() REPRESENTATION_CONTEXT('2D SPACE',''
  ) );
#1542 = PCURVE('',#1543,#1548);
#1543 = PLANE('',#1544);
#1544 = AXIS2_PLACEMENT_3D('',#1545,#1546,#1547);
#1545 = CARTESIAN_POINT('',(1.807179676972,0.139512947488,14.99512810052
    ));
#1546 = DIRECTION('',(-0.,-6.975647374413E-02,-0.99756405026));
#1547 = DIRECTION('',(-1.,0.,0.));
#1548 = DEFINITIONAL_REPRESENTATION('',(#1549),#1552);
#1549 = B_SPLINE_CURVE_WITH_KNOTS('',1,(#1550,#1551),.UNSPECIFIED.,.F.,
  .F.,(2,2),(-18.40358983848,-14.78923048454),.PIECEWISE_BEZIER_KNOTS.);
#1550 = CARTESIAN_POINT('',(0.,0.));
#1551 = CARTESIAN_POINT('',(3.614359353945,0.));
#1552 = ( GEOMETRIC_REPRESENTATION_CONTEXT(2) 
PARAMETRIC_REPRESENTATION_CONTEXT() REPRESENTATION_CONTEXT('2D SPACE',''
  ) );
#1553 = ORIENTED_EDGE('',*,*,#1554,.F.);
#1554 = EDGE_CURVE('',#821,#1528,#1555,.T.);
#1555 = SURFACE_CURVE('',#1556,(#1560,#1567),.PCURVE_S1.);
#1556 = LINE('',#1557,#1558);
#1557 = CARTESIAN_POINT('',(-2.880320323028,-0.426839036957,
    6.895917387141));
#1558 = VECTOR('',#1559,1.);
#1559 = DIRECTION('',(-0.5,-6.041087834083E-02,-0.863915809427));
#1560 = PCURVE('',#257,#1561);
#1561 = DEFINITIONAL_REPRESENTATION('',(#1562),#1566);
#1562 = LINE('',#1563,#1564);
#1563 = CARTESIAN_POINT('',(-6.118988160479,32.119679676972));
#1564 = VECTOR('',#1565,1.);
#1565 = DIRECTION('',(-0.866025403784,-0.5));
#1566 = ( GEOMETRIC_REPRESENTATION_CONTEXT(2) 
PARAMETRIC_REPRESENTATION_CONTEXT() REPRESENTATION_CONTEXT('2D SPACE',''
  ) );
#1567 = PCURVE('',#859,#1568);
#1568 = DEFINITIONAL_REPRESENTATION('',(#1569),#1572);
#1569 = B_SPLINE_CURVE_WITH_KNOTS('',1,(#1570,#1571),.UNSPECIFIED.,.F.,
  .F.,(2,2),(-10.76064064605,-9.375),.PIECEWISE_BEZIER_KNOTS.);
#1570 = CARTESIAN_POINT('',(0.,0.));
#1571 = CARTESIAN_POINT('',(1.385640646055,0.));
#1572 = ( GEOMETRIC_REPRESENTATION_CONTEXT(2) 
PARAMETRIC_REPRESENTATION_CONTEXT() REPRESENTATION_CONTEXT('2D SPACE',''
  ) );
#1573 = ORIENTED_EDGE('',*,*,#820,.T.);
#1574 = ORIENTED_EDGE('',*,*,#1575,.F.);
#1575 = EDGE_CURVE('',#1576,#793,#1578,.T.);
#1576 = VERTEX_POINT('',#1577);
#1577 = CARTESIAN_POINT('',(7.192820323028,0.139512947488,14.99512810052
    ));
#1578 = SURFACE_CURVE('',#1579,(#1583,#1590),.PCURVE_S1.);
#1579 = LINE('',#1580,#1581);
#1580 = CARTESIAN_POINT('',(2.351730484541,0.724421926028,23.35971619317
    ));
#1581 = VECTOR('',#1582,1.);
#1582 = DIRECTION('',(-0.5,6.041087834083E-02,0.863915809427));
#1583 = PCURVE('',#257,#1584);
#1584 = DEFINITIONAL_REPRESENTATION('',(#1585),#1589);
#1585 = LINE('',#1586,#1587);
#1586 = CARTESIAN_POINT('',(10.385013564264,37.351730484541));
#1587 = VECTOR('',#1588,1.);
#1588 = DIRECTION('',(0.866025403784,-0.5));
#1589 = ( GEOMETRIC_REPRESENTATION_CONTEXT(2) 
PARAMETRIC_REPRESENTATION_CONTEXT() REPRESENTATION_CONTEXT('2D SPACE',''
  ) );
#1590 = PCURVE('',#808,#1591);
#1591 = DEFINITIONAL_REPRESENTATION('',(#1592),#1595);
#1592 = B_SPLINE_CURVE_WITH_KNOTS('',1,(#1593,#1594),.UNSPECIFIED.,.F.,
  .F.,(2,2),(-9.682179676972,-8.296539030917),.PIECEWISE_BEZIER_KNOTS.);
#1593 = CARTESIAN_POINT('',(0.,0.));
#1594 = CARTESIAN_POINT('',(1.385640646055,0.));
#1595 = ( GEOMETRIC_REPRESENTATION_CONTEXT(2) 
PARAMETRIC_REPRESENTATION_CONTEXT() REPRESENTATION_CONTEXT('2D SPACE',''
  ) );
#1596 = ORIENTED_EDGE('',*,*,#1597,.F.);
#1597 = EDGE_CURVE('',#1598,#1576,#1600,.T.);
#1598 = VERTEX_POINT('',#1599);
#1599 = CARTESIAN_POINT('',(10.807179676972,0.139512947488,
    14.99512810052));
#1600 = SURFACE_CURVE('',#1601,(#1605,#1612),.PCURVE_S1.);
#1601 = LINE('',#1602,#1603);
#1602 = CARTESIAN_POINT('',(-12.09641016151,0.139512947488,
    14.99512810052));
#1603 = VECTOR('',#1604,1.);
#1604 = DIRECTION('',(-1.,0.,0.));
#1605 = PCURVE('',#257,#1606);
#1606 = DEFINITIONAL_REPRESENTATION('',(#1607),#1611);
#1607 = LINE('',#1608,#1609);
#1608 = CARTESIAN_POINT('',(2.,22.903589838486));
#1609 = VECTOR('',#1610,1.);
#1610 = DIRECTION('',(0.,-1.));
#1611 = ( GEOMETRIC_REPRESENTATION_CONTEXT(2) 
PARAMETRIC_REPRESENTATION_CONTEXT() REPRESENTATION_CONTEXT('2D SPACE',''
  ) );
#1612 = PCURVE('',#1613,#1618);
#1613 = PLANE('',#1614);
#1614 = AXIS2_PLACEMENT_3D('',#1615,#1616,#1617);
#1615 = CARTESIAN_POINT('',(10.807179676972,0.139512947488,
    14.99512810052));
#1616 = DIRECTION('',(-0.,-6.975647374413E-02,-0.99756405026));
#1617 = DIRECTION('',(-1.,0.,0.));
#1618 = DEFINITIONAL_REPRESENTATION('',(#1619),#1622);
#1619 = B_SPLINE_CURVE_WITH_KNOTS('',1,(#1620,#1621),.UNSPECIFIED.,.F.,
  .F.,(2,2),(-22.90358983848,-19.28923048454),.PIECEWISE_BEZIER_KNOTS.);
#1620 = CARTESIAN_POINT('',(0.,0.));
#1621 = CARTESIAN_POINT('',(3.614359353945,0.));
#1622 = ( GEOMETRIC_REPRESENTATION_CONTEXT(2) 
PARAMETRIC_REPRESENTATION_CONTEXT() REPRESENTATION_CONTEXT('2D SPACE',''
  ) );
#1623 = ORIENTED_EDGE('',*,*,#1624,.F.);
#1624 = EDGE_CURVE('',#714,#1598,#1625,.T.);
#1625 = SURFACE_CURVE('',#1626,(#1630,#1637),.PCURVE_S1.);
#1626 = LINE('',#1627,#1628);
#1627 = CARTESIAN_POINT('',(4.994679676972,-0.562763513224,4.95210681593
    ));
#1628 = VECTOR('',#1629,1.);
#1629 = DIRECTION('',(-0.5,-6.041087834083E-02,-0.863915809427));
#1630 = PCURVE('',#257,#1631);
#1631 = DEFINITIONAL_REPRESENTATION('',(#1632),#1636);
#1632 = LINE('',#1633,#1634);
#1633 = CARTESIAN_POINT('',(-8.067545318994,39.994679676972));
#1634 = VECTOR('',#1635,1.);
#1635 = DIRECTION('',(-0.866025403784,-0.5));
#1636 = ( GEOMETRIC_REPRESENTATION_CONTEXT(2) 
PARAMETRIC_REPRESENTATION_CONTEXT() REPRESENTATION_CONTEXT('2D SPACE',''
  ) );
#1637 = PCURVE('',#752,#1638);
#1638 = DEFINITIONAL_REPRESENTATION('',(#1639),#1642);
#1639 = B_SPLINE_CURVE_WITH_KNOTS('',1,(#1640,#1641),.UNSPECIFIED.,.F.,
  .F.,(2,2),(-13.01064064605,-11.625),.PIECEWISE_BEZIER_KNOTS.);
#1640 = CARTESIAN_POINT('',(0.,0.));
#1641 = CARTESIAN_POINT('',(1.385640646055,0.));
#1642 = ( GEOMETRIC_REPRESENTATION_CONTEXT(2) 
PARAMETRIC_REPRESENTATION_CONTEXT() REPRESENTATION_CONTEXT('2D SPACE',''
  ) );
#1643 = ORIENTED_EDGE('',*,*,#713,.T.);
#1644 = ORIENTED_EDGE('',*,*,#1645,.F.);
#1645 = EDGE_CURVE('',#1646,#686,#1648,.T.);
#1646 = VERTEX_POINT('',#1647);
#1647 = CARTESIAN_POINT('',(16.192820323028,0.139512947488,
    14.99512810052));
#1648 = SURFACE_CURVE('',#1649,(#1653,#1660),.PCURVE_S1.);
#1649 = LINE('',#1650,#1651);
#1650 = CARTESIAN_POINT('',(10.226730484541,0.860346402295,
    25.303526764381));
#1651 = VECTOR('',#1652,1.);
#1652 = DIRECTION('',(-0.5,6.041087834083E-02,0.863915809427));
#1653 = PCURVE('',#257,#1654);
#1654 = DEFINITIONAL_REPRESENTATION('',(#1655),#1659);
#1655 = LINE('',#1656,#1657);
#1656 = CARTESIAN_POINT('',(12.333570722779,45.226730484541));
#1657 = VECTOR('',#1658,1.);
#1658 = DIRECTION('',(0.866025403784,-0.5));
#1659 = ( GEOMETRIC_REPRESENTATION_CONTEXT(2) 
PARAMETRIC_REPRESENTATION_CONTEXT() REPRESENTATION_CONTEXT('2D SPACE',''
  ) );
#1660 = PCURVE('',#701,#1661);
#1661 = DEFINITIONAL_REPRESENTATION('',(#1662),#1665);
#1662 = B_SPLINE_CURVE_WITH_KNOTS('',1,(#1663,#1664),.UNSPECIFIED.,.F.,
  .F.,(2,2),(-11.93217967697,-10.54653903091),.PIECEWISE_BEZIER_KNOTS.);
#1663 = CARTESIAN_POINT('',(0.,0.));
#1664 = CARTESIAN_POINT('',(1.385640646055,0.));
#1665 = ( GEOMETRIC_REPRESENTATION_CONTEXT(2) 
PARAMETRIC_REPRESENTATION_CONTEXT() REPRESENTATION_CONTEXT('2D SPACE',''
  ) );
#1666 = ORIENTED_EDGE('',*,*,#1667,.F.);
#1667 = EDGE_CURVE('',#1668,#1646,#1670,.T.);
#1668 = VERTEX_POINT('',#1669);
#1669 = CARTESIAN_POINT('',(19.807179676972,0.139512947488,
    14.99512810052));
#1670 = SURFACE_CURVE('',#1671,(#1675,#1682),.PCURVE_S1.);
#1671 = LINE('',#1672,#1673);
#1672 = CARTESIAN_POINT('',(-7.596410161514,0.139512947488,
    14.99512810052));
#1673 = VECTOR('',#1674,1.);
#1674 = DIRECTION('',(-1.,0.,0.));
#1675 = PCURVE('',#257,#1676);
#1676 = DEFINITIONAL_REPRESENTATION('',(#1677),#1681);
#1677 = LINE('',#1678,#1679);
#1678 = CARTESIAN_POINT('',(2.,27.403589838486));
#1679 = VECTOR('',#1680,1.);
#1680 = DIRECTION('',(0.,-1.));
#1681 = ( GEOMETRIC_REPRESENTATION_CONTEXT(2) 
PARAMETRIC_REPRESENTATION_CONTEXT() REPRESENTATION_CONTEXT('2D SPACE',''
  ) );
#1682 = PCURVE('',#1683,#1688);
#1683 = PLANE('',#1684);
#1684 = AXIS2_PLACEMENT_3D('',#1685,#1686,#1687);
#1685 = CARTESIAN_POINT('',(19.807179676972,0.139512947488,
    14.99512810052));
#1686 = DIRECTION('',(-0.,-6.975647374413E-02,-0.99756405026));
#1687 = DIRECTION('',(-1.,0.,0.));
#1688 = DEFINITIONAL_REPRESENTATION('',(#1689),#1692);
#1689 = B_SPLINE_CURVE_WITH_KNOTS('',1,(#1690,#1691),.UNSPECIFIED.,.F.,
  .F.,(2,2),(-27.40358983848,-23.78923048454),.PIECEWISE_BEZIER_KNOTS.);
#1690 = CARTESIAN_POINT('',(0.,0.));
#1691 = CARTESIAN_POINT('',(3.614359353945,0.));
#1692 = ( GEOMETRIC_REPRESENTATION_CONTEXT(2) 
PARAMETRIC_REPRESENTATION_CONTEXT() REPRESENTATION_CONTEXT('2D SPACE',''
  ) );
#1693 = ORIENTED_EDGE('',*,*,#1694,.F.);
#1694 = EDGE_CURVE('',#607,#1668,#1695,.T.);
#1695 = SURFACE_CURVE('',#1696,(#1700,#1707),.PCURVE_S1.);
#1696 = LINE('',#1697,#1698);
#1697 = CARTESIAN_POINT('',(12.869679676972,-0.698687989491,
    3.008296244719));
#1698 = VECTOR('',#1699,1.);
#1699 = DIRECTION('',(-0.5,-6.041087834083E-02,-0.863915809427));
#1700 = PCURVE('',#257,#1701);
#1701 = DEFINITIONAL_REPRESENTATION('',(#1702),#1706);
#1702 = LINE('',#1703,#1704);
#1703 = CARTESIAN_POINT('',(-10.0161024775,47.869679676972));
#1704 = VECTOR('',#1705,1.);
#1705 = DIRECTION('',(-0.866025403784,-0.5));
#1706 = ( GEOMETRIC_REPRESENTATION_CONTEXT(2) 
PARAMETRIC_REPRESENTATION_CONTEXT() REPRESENTATION_CONTEXT('2D SPACE',''
  ) );
#1707 = PCURVE('',#645,#1708);
#1708 = DEFINITIONAL_REPRESENTATION('',(#1709),#1712);
#1709 = B_SPLINE_CURVE_WITH_KNOTS('',1,(#1710,#1711),.UNSPECIFIED.,.F.,
  .F.,(2,2),(-15.26064064605,-13.875),.PIECEWISE_BEZIER_KNOTS.);
#1710 = CARTESIAN_POINT('',(0.,0.));
#1711 = CARTESIAN_POINT('',(1.385640646055,0.));
#1712 = ( GEOMETRIC_REPRESENTATION_CONTEXT(2) 
PARAMETRIC_REPRESENTATION_CONTEXT() REPRESENTATION_CONTEXT('2D SPACE',''
  ) );
#1713 = ORIENTED_EDGE('',*,*,#606,.T.);
#1714 = ORIENTED_EDGE('',*,*,#1715,.F.);
#1715 = EDGE_CURVE('',#1716,#579,#1718,.T.);
#1716 = VERTEX_POINT('',#1717);
#1717 = CARTESIAN_POINT('',(25.192820323028,0.139512947488,
    14.99512810052));
#1718 = SURFACE_CURVE('',#1719,(#1723,#1730),.PCURVE_S1.);
#1719 = LINE('',#1720,#1721);
#1720 = CARTESIAN_POINT('',(18.101730484541,0.996270878562,
    27.247337335592));
#1721 = VECTOR('',#1722,1.);
#1722 = DIRECTION('',(-0.5,6.041087834083E-02,0.863915809427));
#1723 = PCURVE('',#257,#1724);
#1724 = DEFINITIONAL_REPRESENTATION('',(#1725),#1729);
#1725 = LINE('',#1726,#1727);
#1726 = CARTESIAN_POINT('',(14.282127881294,53.101730484541));
#1727 = VECTOR('',#1728,1.);
#1728 = DIRECTION('',(0.866025403784,-0.5));
#1729 = ( GEOMETRIC_REPRESENTATION_CONTEXT(2) 
PARAMETRIC_REPRESENTATION_CONTEXT() REPRESENTATION_CONTEXT('2D SPACE',''
  ) );
#1730 = PCURVE('',#594,#1731);
#1731 = DEFINITIONAL_REPRESENTATION('',(#1732),#1735);
#1732 = B_SPLINE_CURVE_WITH_KNOTS('',1,(#1733,#1734),.UNSPECIFIED.,.F.,
  .F.,(2,2),(-14.18217967697,-12.79653903091),.PIECEWISE_BEZIER_KNOTS.);
#1733 = CARTESIAN_POINT('',(0.,0.));
#1734 = CARTESIAN_POINT('',(1.385640646055,0.));
#1735 = ( GEOMETRIC_REPRESENTATION_CONTEXT(2) 
PARAMETRIC_REPRESENTATION_CONTEXT() REPRESENTATION_CONTEXT('2D SPACE',''
  ) );
#1736 = ORIENTED_EDGE('',*,*,#1737,.F.);
#1737 = EDGE_CURVE('',#1738,#1716,#1740,.T.);
#1738 = VERTEX_POINT('',#1739);
#1739 = CARTESIAN_POINT('',(28.807179676972,0.139512947488,
    14.99512810052));
#1740 = SURFACE_CURVE('',#1741,(#1745,#1752),.PCURVE_S1.);
#1741 = LINE('',#1742,#1743);
#1742 = CARTESIAN_POINT('',(-3.096410161514,0.139512947488,
    14.99512810052));
#1743 = VECTOR('',#1744,1.);
#1744 = DIRECTION('',(-1.,0.,0.));
#1745 = PCURVE('',#257,#1746);
#1746 = DEFINITIONAL_REPRESENTATION('',(#1747),#1751);
#1747 = LINE('',#1748,#1749);
#1748 = CARTESIAN_POINT('',(2.,31.903589838486));
#1749 = VECTOR('',#1750,1.);
#1750 = DIRECTION('',(0.,-1.));
#1751 = ( GEOMETRIC_REPRESENTATION_CONTEXT(2) 
PARAMETRIC_REPRESENTATION_CONTEXT() REPRESENTATION_CONTEXT('2D SPACE',''
  ) );
#1752 = PCURVE('',#1753,#1758);
#1753 = PLANE('',#1754);
#1754 = AXIS2_PLACEMENT_3D('',#1755,#1756,#1757);
#1755 = CARTESIAN_POINT('',(28.807179676972,0.139512947488,
    14.99512810052));
#1756 = DIRECTION('',(-0.,-6.975647374413E-02,-0.99756405026));
#1757 = DIRECTION('',(-1.,0.,0.));
#1758 = DEFINITIONAL_REPRESENTATION('',(#1759),#1762);
#1759 = B_SPLINE_CURVE_WITH_KNOTS('',1,(#1760,#1761),.UNSPECIFIED.,.F.,
  .F.,(2,2),(-31.90358983848,-28.28923048454),.PIECEWISE_BEZIER_KNOTS.);
#1760 = CARTESIAN_POINT('',(0.,0.));
#1761 = CARTESIAN_POINT('',(3.614359353945,0.));
#1762 = ( GEOMETRIC_REPRESENTATION_CONTEXT(2) 
PARAMETRIC_REPRESENTATION_CONTEXT() REPRESENTATION_CONTEXT('2D SPACE',''
  ) );
#1763 = ORIENTED_EDGE('',*,*,#1764,.F.);
#1764 = EDGE_CURVE('',#500,#1738,#1765,.T.);
#1765 = SURFACE_CURVE('',#1766,(#1770,#1777),.PCURVE_S1.);
#1766 = LINE('',#1767,#1768);
#1767 = CARTESIAN_POINT('',(20.744679676972,-0.834612465758,
    1.064485673508));
#1768 = VECTOR('',#1769,1.);
#1769 = DIRECTION('',(-0.5,-6.041087834083E-02,-0.863915809427));
#1770 = PCURVE('',#257,#1771);
#1771 = DEFINITIONAL_REPRESENTATION('',(#1772),#1776);
#1772 = LINE('',#1773,#1774);
#1773 = CARTESIAN_POINT('',(-11.96465963602,55.744679676972));
#1774 = VECTOR('',#1775,1.);
#1775 = DIRECTION('',(-0.866025403784,-0.5));
#1776 = ( GEOMETRIC_REPRESENTATION_CONTEXT(2) 
PARAMETRIC_REPRESENTATION_CONTEXT() REPRESENTATION_CONTEXT('2D SPACE',''
  ) );
#1777 = PCURVE('',#538,#1778);
#1778 = DEFINITIONAL_REPRESENTATION('',(#1779),#1782);
#1779 = B_SPLINE_CURVE_WITH_KNOTS('',1,(#1780,#1781),.UNSPECIFIED.,.F.,
  .F.,(2,2),(-17.51064064605,-16.125),.PIECEWISE_BEZIER_KNOTS.);
#1780 = CARTESIAN_POINT('',(0.,0.));
#1781 = CARTESIAN_POINT('',(1.385640646055,0.));
#1782 = ( GEOMETRIC_REPRESENTATION_CONTEXT(2) 
PARAMETRIC_REPRESENTATION_CONTEXT() REPRESENTATION_CONTEXT('2D SPACE',''
  ) );
#1783 = ORIENTED_EDGE('',*,*,#499,.T.);
#1784 = ADVANCED_FACE('',(#1785),#229,.F.);
#1785 = FACE_BOUND('',#1786,.F.);
#1786 = EDGE_LOOP('',(#1787,#1788,#1811,#1832));
#1787 = ORIENTED_EDGE('',*,*,#213,.F.);
#1788 = ORIENTED_EDGE('',*,*,#1789,.T.);
#1789 = EDGE_CURVE('',#186,#1790,#1792,.T.);
#1790 = VERTEX_POINT('',#1791);
#1791 = CARTESIAN_POINT('',(35.,-2.603423141856,10.174723386206));
#1792 = SURFACE_CURVE('',#1793,(#1797,#1804),.PCURVE_S1.);
#1793 = LINE('',#1794,#1795);
#1794 = CARTESIAN_POINT('',(-35.,-2.603423141856,10.174723386206));
#1795 = VECTOR('',#1796,1.);
#1796 = DIRECTION('',(1.,0.,-0.));
#1797 = PCURVE('',#229,#1798);
#1798 = DEFINITIONAL_REPRESENTATION('',(#1799),#1803);
#1799 = LINE('',#1800,#1801);
#1800 = CARTESIAN_POINT('',(0.,0.));
#1801 = VECTOR('',#1802,1.);
#1802 = DIRECTION('',(1.,0.));
#1803 = ( GEOMETRIC_REPRESENTATION_CONTEXT(2) 
PARAMETRIC_REPRESENTATION_CONTEXT() REPRESENTATION_CONTEXT('2D SPACE',''
  ) );
#1804 = PCURVE('',#201,#1805);
#1805 = DEFINITIONAL_REPRESENTATION('',(#1806),#1810);
#1806 = LINE('',#1807,#1808);
#1807 = CARTESIAN_POINT('',(0.,0.));
#1808 = VECTOR('',#1809,1.);
#1809 = DIRECTION('',(0.,1.));
#1810 = ( GEOMETRIC_REPRESENTATION_CONTEXT(2) 
PARAMETRIC_REPRESENTATION_CONTEXT() REPRESENTATION_CONTEXT('2D SPACE',''
  ) );
#1811 = ORIENTED_EDGE('',*,*,#1812,.T.);
#1812 = EDGE_CURVE('',#1790,#1250,#1813,.T.);
#1813 = SURFACE_CURVE('',#1814,(#1818,#1825),.PCURVE_S1.);
#1814 = LINE('',#1815,#1816);
#1815 = CARTESIAN_POINT('',(35.,-2.603423141856,10.174723386206));
#1816 = VECTOR('',#1817,1.);
#1817 = DIRECTION('',(0.,0.99756405026,-6.975647374413E-02));
#1818 = PCURVE('',#229,#1819);
#1819 = DEFINITIONAL_REPRESENTATION('',(#1820),#1824);
#1820 = LINE('',#1821,#1822);
#1821 = CARTESIAN_POINT('',(70.,0.));
#1822 = VECTOR('',#1823,1.);
#1823 = DIRECTION('',(0.,1.));
#1824 = ( GEOMETRIC_REPRESENTATION_CONTEXT(2) 
PARAMETRIC_REPRESENTATION_CONTEXT() REPRESENTATION_CONTEXT('2D SPACE',''
  ) );
#1825 = PCURVE('',#366,#1826);
#1826 = DEFINITIONAL_REPRESENTATION('',(#1827),#1831);
#1827 = LINE('',#1828,#1829);
#1828 = CARTESIAN_POINT('',(-3.,-67.6));
#1829 = VECTOR('',#1830,1.);
#1830 = DIRECTION('',(4.861167905964E-18,-1.));
#1831 = ( GEOMETRIC_REPRESENTATION_CONTEXT(2) 
PARAMETRIC_REPRESENTATION_CONTEXT() REPRESENTATION_CONTEXT('2D SPACE',''
  ) );
#1832 = ORIENTED_EDGE('',*,*,#1272,.F.);
#1833 = ADVANCED_FACE('',(#1834),#201,.F.);
#1834 = FACE_BOUND('',#1835,.F.);
#1835 = EDGE_LOOP('',(#1836,#1837,#1838,#1861));
#1836 = ORIENTED_EDGE('',*,*,#1789,.F.);
#1837 = ORIENTED_EDGE('',*,*,#185,.T.);
#1838 = ORIENTED_EDGE('',*,*,#1839,.T.);
#1839 = EDGE_CURVE('',#158,#1840,#1842,.T.);
#1840 = VERTEX_POINT('',#1841);
#1841 = CARTESIAN_POINT('',(35.,-2.394153720624,13.167415536986));
#1842 = SURFACE_CURVE('',#1843,(#1847,#1854),.PCURVE_S1.);
#1843 = LINE('',#1844,#1845);
#1844 = CARTESIAN_POINT('',(-35.,-2.394153720624,13.167415536986));
#1845 = VECTOR('',#1846,1.);
#1846 = DIRECTION('',(1.,0.,-0.));
#1847 = PCURVE('',#201,#1848);
#1848 = DEFINITIONAL_REPRESENTATION('',(#1849),#1853);
#1849 = LINE('',#1850,#1851);
#1850 = CARTESIAN_POINT('',(3.,0.));
#1851 = VECTOR('',#1852,1.);
#1852 = DIRECTION('',(0.,1.));
#1853 = ( GEOMETRIC_REPRESENTATION_CONTEXT(2) 
PARAMETRIC_REPRESENTATION_CONTEXT() REPRESENTATION_CONTEXT('2D SPACE',''
  ) );
#1854 = PCURVE('',#173,#1855);
#1855 = DEFINITIONAL_REPRESENTATION('',(#1856),#1860);
#1856 = LINE('',#1857,#1858);
#1857 = CARTESIAN_POINT('',(0.,67.6));
#1858 = VECTOR('',#1859,1.);
#1859 = DIRECTION('',(1.,0.));
#1860 = ( GEOMETRIC_REPRESENTATION_CONTEXT(2) 
PARAMETRIC_REPRESENTATION_CONTEXT() REPRESENTATION_CONTEXT('2D SPACE',''
  ) );
#1861 = ORIENTED_EDGE('',*,*,#1862,.F.);
#1862 = EDGE_CURVE('',#1790,#1840,#1863,.T.);
#1863 = SURFACE_CURVE('',#1864,(#1868,#1875),.PCURVE_S1.);
#1864 = LINE('',#1865,#1866);
#1865 = CARTESIAN_POINT('',(35.,-2.603423141856,10.174723386206));
#1866 = VECTOR('',#1867,1.);
#1867 = DIRECTION('',(0.,6.975647374413E-02,0.99756405026));
#1868 = PCURVE('',#201,#1869);
#1869 = DEFINITIONAL_REPRESENTATION('',(#1870),#1874);
#1870 = LINE('',#1871,#1872);
#1871 = CARTESIAN_POINT('',(0.,70.));
#1872 = VECTOR('',#1873,1.);
#1873 = DIRECTION('',(1.,0.));
#1874 = ( GEOMETRIC_REPRESENTATION_CONTEXT(2) 
PARAMETRIC_REPRESENTATION_CONTEXT() REPRESENTATION_CONTEXT('2D SPACE',''
  ) );
#1875 = PCURVE('',#366,#1876);
#1876 = DEFINITIONAL_REPRESENTATION('',(#1877),#1881);
#1877 = LINE('',#1878,#1879);
#1878 = CARTESIAN_POINT('',(-3.,-67.6));
#1879 = VECTOR('',#1880,1.);
#1880 = DIRECTION('',(1.,-4.861167905964E-18));
#1881 = ( GEOMETRIC_REPRESENTATION_CONTEXT(2) 
PARAMETRIC_REPRESENTATION_CONTEXT() REPRESENTATION_CONTEXT('2D SPACE',''
  ) );
#1882 = ADVANCED_FACE('',(#1883),#173,.F.);
#1883 = FACE_BOUND('',#1884,.F.);
#1884 = EDGE_LOOP('',(#1885,#1886,#1907,#1933,#1959,#1985,#2011,#2032));
#1885 = ORIENTED_EDGE('',*,*,#157,.F.);
#1886 = ORIENTED_EDGE('',*,*,#1887,.F.);
#1887 = EDGE_CURVE('',#1888,#130,#1890,.T.);
#1888 = VERTEX_POINT('',#1889);
#1889 = CARTESIAN_POINT('',(-32.6,-14.,13.978975367209));
#1890 = SURFACE_CURVE('',#1891,(#1895,#1901),.PCURVE_S1.);
#1891 = LINE('',#1892,#1893);
#1892 = CARTESIAN_POINT('',(-34.4,-14.,13.978975367209));
#1893 = VECTOR('',#1894,1.);
#1894 = DIRECTION('',(-1.,0.,0.));
#1895 = PCURVE('',#173,#1896);
#1896 = DEFINITIONAL_REPRESENTATION('',(#1897),#1900);
#1897 = B_SPLINE_CURVE_WITH_KNOTS('',1,(#1898,#1899),.UNSPECIFIED.,.F.,
  .F.,(2,2),(-1.8,0.6),.PIECEWISE_BEZIER_KNOTS.);
#1898 = CARTESIAN_POINT('',(2.4,55.965813426864));
#1899 = CARTESIAN_POINT('',(2.886579864025E-15,55.965813426864));
#1900 = ( GEOMETRIC_REPRESENTATION_CONTEXT(2) 
PARAMETRIC_REPRESENTATION_CONTEXT() REPRESENTATION_CONTEXT('2D SPACE',''
  ) );
#1901 = PCURVE('',#145,#1902);
#1902 = DEFINITIONAL_REPRESENTATION('',(#1903),#1906);
#1903 = B_SPLINE_CURVE_WITH_KNOTS('',1,(#1904,#1905),.UNSPECIFIED.,.F.,
  .F.,(2,2),(-1.8,0.6),.PIECEWISE_BEZIER_KNOTS.);
#1904 = CARTESIAN_POINT('',(13.978975367209,1.2));
#1905 = CARTESIAN_POINT('',(13.978975367209,-1.2));
#1906 = ( GEOMETRIC_REPRESENTATION_CONTEXT(2) 
PARAMETRIC_REPRESENTATION_CONTEXT() REPRESENTATION_CONTEXT('2D SPACE',''
  ) );
#1907 = ORIENTED_EDGE('',*,*,#1908,.F.);
#1908 = EDGE_CURVE('',#1909,#1888,#1911,.T.);
#1909 = VERTEX_POINT('',#1910);
#1910 = CARTESIAN_POINT('',(-32.6,-67.6,17.727052487381));
#1911 = SURFACE_CURVE('',#1912,(#1916,#1922),.PCURVE_S1.);
#1912 = LINE('',#1913,#1914);
#1913 = CARTESIAN_POINT('',(-32.6,-56.0297220514,16.917979837136));
#1914 = VECTOR('',#1915,1.);
#1915 = DIRECTION('',(0.,0.99756405026,-6.975647374413E-02));
#1916 = PCURVE('',#173,#1917);
#1917 = DEFINITIONAL_REPRESENTATION('',(#1918),#1921);
#1918 = B_SPLINE_CURVE_WITH_KNOTS('',1,(#1919,#1920),.UNSPECIFIED.,.F.,
  .F.,(2,2),(-13.83345907782,42.132354349034),.PIECEWISE_BEZIER_KNOTS.);
#1919 = CARTESIAN_POINT('',(2.4,0.));
#1920 = CARTESIAN_POINT('',(2.4,55.965813426864));
#1921 = ( GEOMETRIC_REPRESENTATION_CONTEXT(2) 
PARAMETRIC_REPRESENTATION_CONTEXT() REPRESENTATION_CONTEXT('2D SPACE',''
  ) );
#1922 = PCURVE('',#1923,#1928);
#1923 = PLANE('',#1924);
#1924 = AXIS2_PLACEMENT_3D('',#1925,#1926,#1927);
#1925 = CARTESIAN_POINT('',(-32.6,-42.75094028965,8.50264962395));
#1926 = DIRECTION('',(1.,0.,0.));
#1927 = DIRECTION('',(0.,1.,0.));
#1928 = DEFINITIONAL_REPRESENTATION('',(#1929),#1932);
#1929 = B_SPLINE_CURVE_WITH_KNOTS('',1,(#1930,#1931),.UNSPECIFIED.,.F.,
  .F.,(2,2),(-13.83345907782,42.132354349034),.PIECEWISE_BEZIER_KNOTS.);
#1930 = CARTESIAN_POINT('',(-27.07854322853,9.380303538139));
#1931 = CARTESIAN_POINT('',(28.750940289657,5.476325743259));
#1932 = ( GEOMETRIC_REPRESENTATION_CONTEXT(2) 
PARAMETRIC_REPRESENTATION_CONTEXT() REPRESENTATION_CONTEXT('2D SPACE',''
  ) );
#1933 = ORIENTED_EDGE('',*,*,#1934,.F.);
#1934 = EDGE_CURVE('',#1935,#1909,#1937,.T.);
#1935 = VERTEX_POINT('',#1936);
#1936 = CARTESIAN_POINT('',(32.6,-67.6,17.727052487381));
#1937 = SURFACE_CURVE('',#1938,(#1942,#1948),.PCURVE_S1.);
#1938 = LINE('',#1939,#1940);
#1939 = CARTESIAN_POINT('',(-17.5,-67.6,17.727052487381));
#1940 = VECTOR('',#1941,1.);
#1941 = DIRECTION('',(-1.,0.,0.));
#1942 = PCURVE('',#173,#1943);
#1943 = DEFINITIONAL_REPRESENTATION('',(#1944),#1947);
#1944 = B_SPLINE_CURVE_WITH_KNOTS('',1,(#1945,#1946),.UNSPECIFIED.,.F.,
  .F.,(2,2),(-52.5,17.5),.PIECEWISE_BEZIER_KNOTS.);
#1945 = CARTESIAN_POINT('',(70.,2.234927689713));
#1946 = CARTESIAN_POINT('',(0.,2.234927689713));
#1947 = ( GEOMETRIC_REPRESENTATION_CONTEXT(2) 
PARAMETRIC_REPRESENTATION_CONTEXT() REPRESENTATION_CONTEXT('2D SPACE',''
  ) );
#1948 = PCURVE('',#1949,#1954);
#1949 = PLANE('',#1950);
#1950 = AXIS2_PLACEMENT_3D('',#1951,#1952,#1953);
#1951 = CARTESIAN_POINT('',(0.,-67.6,18.727052487381));
#1952 = DIRECTION('',(0.,1.,0.));
#1953 = DIRECTION('',(0.,0.,-1.));
#1954 = DEFINITIONAL_REPRESENTATION('',(#1955),#1958);
#1955 = B_SPLINE_CURVE_WITH_KNOTS('',1,(#1956,#1957),.UNSPECIFIED.,.F.,
  .F.,(2,2),(-52.5,17.5),.PIECEWISE_BEZIER_KNOTS.);
#1956 = CARTESIAN_POINT('',(1.,-35.));
#1957 = CARTESIAN_POINT('',(1.,35.));
#1958 = ( GEOMETRIC_REPRESENTATION_CONTEXT(2) 
PARAMETRIC_REPRESENTATION_CONTEXT() REPRESENTATION_CONTEXT('2D SPACE',''
  ) );
#1959 = ORIENTED_EDGE('',*,*,#1960,.T.);
#1960 = EDGE_CURVE('',#1935,#1961,#1963,.T.);
#1961 = VERTEX_POINT('',#1962);
#1962 = CARTESIAN_POINT('',(32.6,-14.,13.978975367209));
#1963 = SURFACE_CURVE('',#1964,(#1968,#1974),.PCURVE_S1.);
#1964 = LINE('',#1965,#1966);
#1965 = CARTESIAN_POINT('',(32.6,-56.0297220514,16.917979837136));
#1966 = VECTOR('',#1967,1.);
#1967 = DIRECTION('',(0.,0.99756405026,-6.975647374413E-02));
#1968 = PCURVE('',#173,#1969);
#1969 = DEFINITIONAL_REPRESENTATION('',(#1970),#1973);
#1970 = B_SPLINE_CURVE_WITH_KNOTS('',1,(#1971,#1972),.UNSPECIFIED.,.F.,
  .F.,(2,2),(-13.83345907782,42.132354349034),.PIECEWISE_BEZIER_KNOTS.);
#1971 = CARTESIAN_POINT('',(67.6,0.));
#1972 = CARTESIAN_POINT('',(67.6,55.965813426864));
#1973 = ( GEOMETRIC_REPRESENTATION_CONTEXT(2) 
PARAMETRIC_REPRESENTATION_CONTEXT() REPRESENTATION_CONTEXT('2D SPACE',''
  ) );
#1974 = PCURVE('',#1975,#1980);
#1975 = PLANE('',#1976);
#1976 = AXIS2_PLACEMENT_3D('',#1977,#1978,#1979);
#1977 = CARTESIAN_POINT('',(32.6,-42.75094028965,8.50264962395));
#1978 = DIRECTION('',(1.,0.,0.));
#1979 = DIRECTION('',(0.,1.,0.));
#1980 = DEFINITIONAL_REPRESENTATION('',(#1981),#1984);
#1981 = B_SPLINE_CURVE_WITH_KNOTS('',1,(#1982,#1983),.UNSPECIFIED.,.F.,
  .F.,(2,2),(-13.83345907782,42.132354349034),.PIECEWISE_BEZIER_KNOTS.);
#1982 = CARTESIAN_POINT('',(-27.07854322853,9.380303538139));
#1983 = CARTESIAN_POINT('',(28.750940289657,5.476325743259));
#1984 = ( GEOMETRIC_REPRESENTATION_CONTEXT(2) 
PARAMETRIC_REPRESENTATION_CONTEXT() REPRESENTATION_CONTEXT('2D SPACE',''
  ) );
#1985 = ORIENTED_EDGE('',*,*,#1986,.F.);
#1986 = EDGE_CURVE('',#1987,#1961,#1989,.T.);
#1987 = VERTEX_POINT('',#1988);
#1988 = CARTESIAN_POINT('',(35.,-14.,13.978975367209));
#1989 = SURFACE_CURVE('',#1990,(#1994,#2000),.PCURVE_S1.);
#1990 = LINE('',#1991,#1992);
#1991 = CARTESIAN_POINT('',(-0.6,-14.,13.978975367209));
#1992 = VECTOR('',#1993,1.);
#1993 = DIRECTION('',(-1.,0.,0.));
#1994 = PCURVE('',#173,#1995);
#1995 = DEFINITIONAL_REPRESENTATION('',(#1996),#1999);
#1996 = B_SPLINE_CURVE_WITH_KNOTS('',1,(#1997,#1998),.UNSPECIFIED.,.F.,
  .F.,(2,2),(-35.6,-33.2),.PIECEWISE_BEZIER_KNOTS.);
#1997 = CARTESIAN_POINT('',(70.,55.965813426864));
#1998 = CARTESIAN_POINT('',(67.6,55.965813426864));
#1999 = ( GEOMETRIC_REPRESENTATION_CONTEXT(2) 
PARAMETRIC_REPRESENTATION_CONTEXT() REPRESENTATION_CONTEXT('2D SPACE',''
  ) );
#2000 = PCURVE('',#2001,#2006);
#2001 = PLANE('',#2002);
#2002 = AXIS2_PLACEMENT_3D('',#2003,#2004,#2005);
#2003 = CARTESIAN_POINT('',(33.8,-14.,0.));
#2004 = DIRECTION('',(0.,1.,0.));
#2005 = DIRECTION('',(0.,-0.,1.));
#2006 = DEFINITIONAL_REPRESENTATION('',(#2007),#2010);
#2007 = B_SPLINE_CURVE_WITH_KNOTS('',1,(#2008,#2009),.UNSPECIFIED.,.F.,
  .F.,(2,2),(-35.6,-33.2),.PIECEWISE_BEZIER_KNOTS.);
#2008 = CARTESIAN_POINT('',(13.978975367209,1.2));
#2009 = CARTESIAN_POINT('',(13.978975367209,-1.2));
#2010 = ( GEOMETRIC_REPRESENTATION_CONTEXT(2) 
PARAMETRIC_REPRESENTATION_CONTEXT() REPRESENTATION_CONTEXT('2D SPACE',''
  ) );
#2011 = ORIENTED_EDGE('',*,*,#2012,.T.);
#2012 = EDGE_CURVE('',#1987,#1840,#2013,.T.);
#2013 = SURFACE_CURVE('',#2014,(#2018,#2025),.PCURVE_S1.);
#2014 = LINE('',#2015,#2016);
#2015 = CARTESIAN_POINT('',(35.,-69.82948351818,17.882953162089));
#2016 = VECTOR('',#2017,1.);
#2017 = DIRECTION('',(0.,0.99756405026,-6.975647374413E-02));
#2018 = PCURVE('',#173,#2019);
#2019 = DEFINITIONAL_REPRESENTATION('',(#2020),#2024);
#2020 = LINE('',#2021,#2022);
#2021 = CARTESIAN_POINT('',(70.,0.));
#2022 = VECTOR('',#2023,1.);
#2023 = DIRECTION('',(0.,1.));
#2024 = ( GEOMETRIC_REPRESENTATION_CONTEXT(2) 
PARAMETRIC_REPRESENTATION_CONTEXT() REPRESENTATION_CONTEXT('2D SPACE',''
  ) );
#2025 = PCURVE('',#366,#2026);
#2026 = DEFINITIONAL_REPRESENTATION('',(#2027),#2031);
#2027 = LINE('',#2028,#2029);
#2028 = CARTESIAN_POINT('',(0.,0.));
#2029 = VECTOR('',#2030,1.);
#2030 = DIRECTION('',(4.861167905964E-18,-1.));
#2031 = ( GEOMETRIC_REPRESENTATION_CONTEXT(2) 
PARAMETRIC_REPRESENTATION_CONTEXT() REPRESENTATION_CONTEXT('2D SPACE',''
  ) );
#2032 = ORIENTED_EDGE('',*,*,#1839,.F.);
#2033 = ADVANCED_FACE('',(#2034),#145,.T.);
#2034 = FACE_BOUND('',#2035,.T.);
#2035 = EDGE_LOOP('',(#2036,#2059,#2087,#2115,#2137,#2138));
#2036 = ORIENTED_EDGE('',*,*,#2037,.F.);
#2037 = EDGE_CURVE('',#2038,#1888,#2040,.T.);
#2038 = VERTEX_POINT('',#2039);
#2039 = CARTESIAN_POINT('',(-32.6,-14.,0.));
#2040 = SURFACE_CURVE('',#2041,(#2045,#2052),.PCURVE_S1.);
#2041 = LINE('',#2042,#2043);
#2042 = CARTESIAN_POINT('',(-32.6,-14.,0.));
#2043 = VECTOR('',#2044,1.);
#2044 = DIRECTION('',(0.,0.,1.));
#2045 = PCURVE('',#145,#2046);
#2046 = DEFINITIONAL_REPRESENTATION('',(#2047),#2051);
#2047 = LINE('',#2048,#2049);
#2048 = CARTESIAN_POINT('',(0.,1.2));
#2049 = VECTOR('',#2050,1.);
#2050 = DIRECTION('',(1.,0.));
#2051 = ( GEOMETRIC_REPRESENTATION_CONTEXT(2) 
PARAMETRIC_REPRESENTATION_CONTEXT() REPRESENTATION_CONTEXT('2D SPACE',''
  ) );
#2052 = PCURVE('',#1923,#2053);
#2053 = DEFINITIONAL_REPRESENTATION('',(#2054),#2058);
#2054 = LINE('',#2055,#2056);
#2055 = CARTESIAN_POINT('',(28.750940289657,-8.50264962395));
#2056 = VECTOR('',#2057,1.);
#2057 = DIRECTION('',(0.,1.));
#2058 = ( GEOMETRIC_REPRESENTATION_CONTEXT(2) 
PARAMETRIC_REPRESENTATION_CONTEXT() REPRESENTATION_CONTEXT('2D SPACE',''
  ) );
#2059 = ORIENTED_EDGE('',*,*,#2060,.T.);
#2060 = EDGE_CURVE('',#2038,#2061,#2063,.T.);
#2061 = VERTEX_POINT('',#2062);
#2062 = CARTESIAN_POINT('',(-35.,-14.,0.));
#2063 = SURFACE_CURVE('',#2064,(#2068,#2075),.PCURVE_S1.);
#2064 = LINE('',#2065,#2066);
#2065 = CARTESIAN_POINT('',(-32.6,-14.,0.));
#2066 = VECTOR('',#2067,1.);
#2067 = DIRECTION('',(-1.,0.,0.));
#2068 = PCURVE('',#145,#2069);
#2069 = DEFINITIONAL_REPRESENTATION('',(#2070),#2074);
#2070 = LINE('',#2071,#2072);
#2071 = CARTESIAN_POINT('',(0.,1.2));
#2072 = VECTOR('',#2073,1.);
#2073 = DIRECTION('',(0.,-1.));
#2074 = ( GEOMETRIC_REPRESENTATION_CONTEXT(2) 
PARAMETRIC_REPRESENTATION_CONTEXT() REPRESENTATION_CONTEXT('2D SPACE',''
  ) );
#2075 = PCURVE('',#2076,#2081);
#2076 = PLANE('',#2077);
#2077 = AXIS2_PLACEMENT_3D('',#2078,#2079,#2080);
#2078 = CARTESIAN_POINT('',(-33.8,-70.,0.));
#2079 = DIRECTION('',(0.,0.,-1.));
#2080 = DIRECTION('',(0.,1.,0.));
#2081 = DEFINITIONAL_REPRESENTATION('',(#2082),#2086);
#2082 = LINE('',#2083,#2084);
#2083 = CARTESIAN_POINT('',(56.,1.2));
#2084 = VECTOR('',#2085,1.);
#2085 = DIRECTION('',(0.,-1.));
#2086 = ( GEOMETRIC_REPRESENTATION_CONTEXT(2) 
PARAMETRIC_REPRESENTATION_CONTEXT() REPRESENTATION_CONTEXT('2D SPACE',''
  ) );
#2087 = ORIENTED_EDGE('',*,*,#2088,.T.);
#2088 = EDGE_CURVE('',#2061,#2089,#2091,.T.);
#2089 = VERTEX_POINT('',#2090);
#2090 = CARTESIAN_POINT('',(-35.,-14.,4.25));
#2091 = SURFACE_CURVE('',#2092,(#2096,#2103),.PCURVE_S1.);
#2092 = LINE('',#2093,#2094);
#2093 = CARTESIAN_POINT('',(-35.,-14.,0.));
#2094 = VECTOR('',#2095,1.);
#2095 = DIRECTION('',(0.,0.,1.));
#2096 = PCURVE('',#145,#2097);
#2097 = DEFINITIONAL_REPRESENTATION('',(#2098),#2102);
#2098 = LINE('',#2099,#2100);
#2099 = CARTESIAN_POINT('',(0.,-1.2));
#2100 = VECTOR('',#2101,1.);
#2101 = DIRECTION('',(1.,0.));
#2102 = ( GEOMETRIC_REPRESENTATION_CONTEXT(2) 
PARAMETRIC_REPRESENTATION_CONTEXT() REPRESENTATION_CONTEXT('2D SPACE',''
  ) );
#2103 = PCURVE('',#2104,#2109);
#2104 = PLANE('',#2105);
#2105 = AXIS2_PLACEMENT_3D('',#2106,#2107,#2108);
#2106 = CARTESIAN_POINT('',(-35.,-69.82948351818,17.882953162089));
#2107 = DIRECTION('',(1.,0.,-0.));
#2108 = DIRECTION('',(0.,6.975647374413E-02,0.99756405026));
#2109 = DEFINITIONAL_REPRESENTATION('',(#2110),#2114);
#2110 = LINE('',#2111,#2112);
#2111 = CARTESIAN_POINT('',(-13.94492328579,-56.94093745503));
#2112 = VECTOR('',#2113,1.);
#2113 = DIRECTION('',(0.99756405026,6.975647374413E-02));
#2114 = ( GEOMETRIC_REPRESENTATION_CONTEXT(2) 
PARAMETRIC_REPRESENTATION_CONTEXT() REPRESENTATION_CONTEXT('2D SPACE',''
  ) );
#2115 = ORIENTED_EDGE('',*,*,#2116,.F.);
#2116 = EDGE_CURVE('',#103,#2089,#2117,.T.);
#2117 = SURFACE_CURVE('',#2118,(#2123,#2130),.PCURVE_S1.);
#2118 = CIRCLE('',#2119,0.75);
#2119 = AXIS2_PLACEMENT_3D('',#2120,#2121,#2122);
#2120 = CARTESIAN_POINT('',(-35.,-14.,5.));
#2121 = DIRECTION('',(2.22044604925E-16,1.,0.));
#2122 = DIRECTION('',(-1.,2.22044604925E-16,0.));
#2123 = PCURVE('',#145,#2124);
#2124 = DEFINITIONAL_REPRESENTATION('',(#2125),#2129);
#2125 = CIRCLE('',#2126,0.75);
#2126 = AXIS2_PLACEMENT_2D('',#2127,#2128);
#2127 = CARTESIAN_POINT('',(5.,-1.2));
#2128 = DIRECTION('',(0.,-1.));
#2129 = ( GEOMETRIC_REPRESENTATION_CONTEXT(2) 
PARAMETRIC_REPRESENTATION_CONTEXT() REPRESENTATION_CONTEXT('2D SPACE',''
  ) );
#2130 = PCURVE('',#118,#2131);
#2131 = DEFINITIONAL_REPRESENTATION('',(#2132),#2136);
#2132 = LINE('',#2133,#2134);
#2133 = CARTESIAN_POINT('',(0.,28.));
#2134 = VECTOR('',#2135,1.);
#2135 = DIRECTION('',(1.,0.));
#2136 = ( GEOMETRIC_REPRESENTATION_CONTEXT(2) 
PARAMETRIC_REPRESENTATION_CONTEXT() REPRESENTATION_CONTEXT('2D SPACE',''
  ) );
#2137 = ORIENTED_EDGE('',*,*,#129,.T.);
#2138 = ORIENTED_EDGE('',*,*,#1887,.F.);
#2139 = ADVANCED_FACE('',(#2140),#118,.F.);
#2140 = FACE_BOUND('',#2141,.F.);
#2141 = EDGE_LOOP('',(#2142,#2143,#2171,#2191));
#2142 = ORIENTED_EDGE('',*,*,#102,.F.);
#2143 = ORIENTED_EDGE('',*,*,#2144,.T.);
#2144 = EDGE_CURVE('',#75,#2145,#2147,.T.);
#2145 = VERTEX_POINT('',#2146);
#2146 = CARTESIAN_POINT('',(-35.,-70.,4.25));
#2147 = SURFACE_CURVE('',#2148,(#2153,#2160),.PCURVE_S1.);
#2148 = CIRCLE('',#2149,0.75);
#2149 = AXIS2_PLACEMENT_3D('',#2150,#2151,#2152);
#2150 = CARTESIAN_POINT('',(-35.,-70.,5.));
#2151 = DIRECTION('',(2.22044604925E-16,1.,0.));
#2152 = DIRECTION('',(-1.,2.22044604925E-16,0.));
#2153 = PCURVE('',#118,#2154);
#2154 = DEFINITIONAL_REPRESENTATION('',(#2155),#2159);
#2155 = LINE('',#2156,#2157);
#2156 = CARTESIAN_POINT('',(0.,-28.));
#2157 = VECTOR('',#2158,1.);
#2158 = DIRECTION('',(1.,0.));
#2159 = ( GEOMETRIC_REPRESENTATION_CONTEXT(2) 
PARAMETRIC_REPRESENTATION_CONTEXT() REPRESENTATION_CONTEXT('2D SPACE',''
  ) );
#2160 = PCURVE('',#90,#2161);
#2161 = DEFINITIONAL_REPRESENTATION('',(#2162),#2170);
#2162 = ( BOUNDED_CURVE() B_SPLINE_CURVE(2,(#2163,#2164,#2165,#2166,
#2167,#2168,#2169),.UNSPECIFIED.,.T.,.F.) B_SPLINE_CURVE_WITH_KNOTS((1,2
    ,2,2,2,1),(-2.094395102393,0.,2.094395102393,4.188790204786,
6.28318530718,8.377580409573),.UNSPECIFIED.) CURVE() 
GEOMETRIC_REPRESENTATION_ITEM() RATIONAL_B_SPLINE_CURVE((1.,0.5,1.,0.5,
1.,0.5,1.)) REPRESENTATION_ITEM('') );
#2163 = CARTESIAN_POINT('',(13.894876836046,-1.95));
#2164 = CARTESIAN_POINT('',(12.595838730369,-1.95));
#2165 = CARTESIAN_POINT('',(13.245357783207,-0.825));
#2166 = CARTESIAN_POINT('',(13.894876836046,0.3));
#2167 = CARTESIAN_POINT('',(14.544395888884,-0.825));
#2168 = CARTESIAN_POINT('',(15.193914941722,-1.95));
#2169 = CARTESIAN_POINT('',(13.894876836046,-1.95));
#2170 = ( GEOMETRIC_REPRESENTATION_CONTEXT(2) 
PARAMETRIC_REPRESENTATION_CONTEXT() REPRESENTATION_CONTEXT('2D SPACE',''
  ) );
#2171 = ORIENTED_EDGE('',*,*,#2172,.T.);
#2172 = EDGE_CURVE('',#2145,#2089,#2173,.T.);
#2173 = SURFACE_CURVE('',#2174,(#2178,#2184),.PCURVE_S1.);
#2174 = LINE('',#2175,#2176);
#2175 = CARTESIAN_POINT('',(-35.,-42.,4.25));
#2176 = VECTOR('',#2177,1.);
#2177 = DIRECTION('',(2.22044604925E-16,1.,0.));
#2178 = PCURVE('',#118,#2179);
#2179 = DEFINITIONAL_REPRESENTATION('',(#2180),#2183);
#2180 = B_SPLINE_CURVE_WITH_KNOTS('',1,(#2181,#2182),.UNSPECIFIED.,.F.,
  .F.,(2,2),(-29.0000006,29.0000006),.PIECEWISE_BEZIER_KNOTS.);
#2181 = CARTESIAN_POINT('',(4.712388980385,-29.0000006));
#2182 = CARTESIAN_POINT('',(4.712388980385,29.0000006));
#2183 = ( GEOMETRIC_REPRESENTATION_CONTEXT(2) 
PARAMETRIC_REPRESENTATION_CONTEXT() REPRESENTATION_CONTEXT('2D SPACE',''
  ) );
#2184 = PCURVE('',#2104,#2185);
#2185 = DEFINITIONAL_REPRESENTATION('',(#2186),#2190);
#2186 = LINE('',#2187,#2188);
#2187 = CARTESIAN_POINT('',(-11.65845733702,-28.71267903434));
#2188 = VECTOR('',#2189,1.);
#2189 = DIRECTION('',(6.975647374413E-02,-0.99756405026));
#2190 = ( GEOMETRIC_REPRESENTATION_CONTEXT(2) 
PARAMETRIC_REPRESENTATION_CONTEXT() REPRESENTATION_CONTEXT('2D SPACE',''
  ) );
#2191 = ORIENTED_EDGE('',*,*,#2116,.F.);
#2192 = ADVANCED_FACE('',(#2193),#90,.T.);
#2193 = FACE_BOUND('',#2194,.T.);
#2194 = EDGE_LOOP('',(#2195,#2196,#2197,#2198,#2221,#2244));
#2195 = ORIENTED_EDGE('',*,*,#327,.T.);
#2196 = ORIENTED_EDGE('',*,*,#74,.T.);
#2197 = ORIENTED_EDGE('',*,*,#2144,.T.);
#2198 = ORIENTED_EDGE('',*,*,#2199,.T.);
#2199 = EDGE_CURVE('',#2145,#2200,#2202,.T.);
#2200 = VERTEX_POINT('',#2201);
#2201 = CARTESIAN_POINT('',(-35.,-70.,0.));
#2202 = SURFACE_CURVE('',#2203,(#2207,#2214),.PCURVE_S1.);
#2203 = LINE('',#2204,#2205);
#2204 = CARTESIAN_POINT('',(-35.,-70.,18.894876836046));
#2205 = VECTOR('',#2206,1.);
#2206 = DIRECTION('',(0.,0.,-1.));
#2207 = PCURVE('',#90,#2208);
#2208 = DEFINITIONAL_REPRESENTATION('',(#2209),#2213);
#2209 = LINE('',#2210,#2211);
#2210 = CARTESIAN_POINT('',(0.,-1.2));
#2211 = VECTOR('',#2212,1.);
#2212 = DIRECTION('',(1.,0.));
#2213 = ( GEOMETRIC_REPRESENTATION_CONTEXT(2) 
PARAMETRIC_REPRESENTATION_CONTEXT() REPRESENTATION_CONTEXT('2D SPACE',''
  ) );
#2214 = PCURVE('',#2104,#2215);
#2215 = DEFINITIONAL_REPRESENTATION('',(#2216),#2220);
#2216 = LINE('',#2217,#2218);
#2217 = CARTESIAN_POINT('',(0.99756405026,0.240689339426));
#2218 = VECTOR('',#2219,1.);
#2219 = DIRECTION('',(-0.99756405026,-6.975647374413E-02));
#2220 = ( GEOMETRIC_REPRESENTATION_CONTEXT(2) 
PARAMETRIC_REPRESENTATION_CONTEXT() REPRESENTATION_CONTEXT('2D SPACE',''
  ) );
#2221 = ORIENTED_EDGE('',*,*,#2222,.T.);
#2222 = EDGE_CURVE('',#2200,#2223,#2225,.T.);
#2223 = VERTEX_POINT('',#2224);
#2224 = CARTESIAN_POINT('',(35.,-70.,0.));
#2225 = SURFACE_CURVE('',#2226,(#2230,#2237),.PCURVE_S1.);
#2226 = LINE('',#2227,#2228);
#2227 = CARTESIAN_POINT('',(-35.,-70.,0.));
#2228 = VECTOR('',#2229,1.);
#2229 = DIRECTION('',(1.,0.,0.));
#2230 = PCURVE('',#90,#2231);
#2231 = DEFINITIONAL_REPRESENTATION('',(#2232),#2236);
#2232 = LINE('',#2233,#2234);
#2233 = CARTESIAN_POINT('',(18.894876836046,-1.2));
#2234 = VECTOR('',#2235,1.);
#2235 = DIRECTION('',(0.,1.));
#2236 = ( GEOMETRIC_REPRESENTATION_CONTEXT(2) 
PARAMETRIC_REPRESENTATION_CONTEXT() REPRESENTATION_CONTEXT('2D SPACE',''
  ) );
#2237 = PCURVE('',#2076,#2238);
#2238 = DEFINITIONAL_REPRESENTATION('',(#2239),#2243);
#2239 = LINE('',#2240,#2241);
#2240 = CARTESIAN_POINT('',(0.,-1.2));
#2241 = VECTOR('',#2242,1.);
#2242 = DIRECTION('',(0.,1.));
#2243 = ( GEOMETRIC_REPRESENTATION_CONTEXT(2) 
PARAMETRIC_REPRESENTATION_CONTEXT() REPRESENTATION_CONTEXT('2D SPACE',''
  ) );
#2244 = ORIENTED_EDGE('',*,*,#2245,.F.);
#2245 = EDGE_CURVE('',#328,#2223,#2246,.T.);
#2246 = SURFACE_CURVE('',#2247,(#2251,#2258),.PCURVE_S1.);
#2247 = LINE('',#2248,#2249);
#2248 = CARTESIAN_POINT('',(35.,-70.,18.894876836046));
#2249 = VECTOR('',#2250,1.);
#2250 = DIRECTION('',(0.,0.,-1.));
#2251 = PCURVE('',#90,#2252);
#2252 = DEFINITIONAL_REPRESENTATION('',(#2253),#2257);
#2253 = LINE('',#2254,#2255);
#2254 = CARTESIAN_POINT('',(0.,68.8));
#2255 = VECTOR('',#2256,1.);
#2256 = DIRECTION('',(1.,0.));
#2257 = ( GEOMETRIC_REPRESENTATION_CONTEXT(2) 
PARAMETRIC_REPRESENTATION_CONTEXT() REPRESENTATION_CONTEXT('2D SPACE',''
  ) );
#2258 = PCURVE('',#366,#2259);
#2259 = DEFINITIONAL_REPRESENTATION('',(#2260),#2264);
#2260 = LINE('',#2261,#2262);
#2261 = CARTESIAN_POINT('',(0.99756405026,0.240689339426));
#2262 = VECTOR('',#2263,1.);
#2263 = DIRECTION('',(-0.99756405026,-6.975647374413E-02));
#2264 = ( GEOMETRIC_REPRESENTATION_CONTEXT(2) 
PARAMETRIC_REPRESENTATION_CONTEXT() REPRESENTATION_CONTEXT('2D SPACE',''
  ) );
#2265 = ADVANCED_FACE('',(#2266,#2320),#366,.T.);
#2266 = FACE_BOUND('',#2267,.T.);
#2267 = EDGE_LOOP('',(#2268,#2269,#2270,#2271,#2294,#2315,#2316,#2317,
    #2318,#2319));
#2268 = ORIENTED_EDGE('',*,*,#427,.F.);
#2269 = ORIENTED_EDGE('',*,*,#350,.T.);
#2270 = ORIENTED_EDGE('',*,*,#2245,.T.);
#2271 = ORIENTED_EDGE('',*,*,#2272,.F.);
#2272 = EDGE_CURVE('',#2273,#2223,#2275,.T.);
#2273 = VERTEX_POINT('',#2274);
#2274 = CARTESIAN_POINT('',(35.,-14.,0.));
#2275 = SURFACE_CURVE('',#2276,(#2280,#2287),.PCURVE_S1.);
#2276 = LINE('',#2277,#2278);
#2277 = CARTESIAN_POINT('',(35.,-14.,0.));
#2278 = VECTOR('',#2279,1.);
#2279 = DIRECTION('',(0.,-1.,0.));
#2280 = PCURVE('',#366,#2281);
#2281 = DEFINITIONAL_REPRESENTATION('',(#2282),#2286);
#2282 = LINE('',#2283,#2284);
#2283 = CARTESIAN_POINT('',(-13.94492328579,-56.94093745503));
#2284 = VECTOR('',#2285,1.);
#2285 = DIRECTION('',(-6.975647374413E-02,0.99756405026));
#2286 = ( GEOMETRIC_REPRESENTATION_CONTEXT(2) 
PARAMETRIC_REPRESENTATION_CONTEXT() REPRESENTATION_CONTEXT('2D SPACE',''
  ) );
#2287 = PCURVE('',#2076,#2288);
#2288 = DEFINITIONAL_REPRESENTATION('',(#2289),#2293);
#2289 = LINE('',#2290,#2291);
#2290 = CARTESIAN_POINT('',(56.,68.8));
#2291 = VECTOR('',#2292,1.);
#2292 = DIRECTION('',(-1.,0.));
#2293 = ( GEOMETRIC_REPRESENTATION_CONTEXT(2) 
PARAMETRIC_REPRESENTATION_CONTEXT() REPRESENTATION_CONTEXT('2D SPACE',''
  ) );
#2294 = ORIENTED_EDGE('',*,*,#2295,.T.);
#2295 = EDGE_CURVE('',#2273,#1987,#2296,.T.);
#2296 = SURFACE_CURVE('',#2297,(#2301,#2308),.PCURVE_S1.);
#2297 = LINE('',#2298,#2299);
#2298 = CARTESIAN_POINT('',(35.,-14.,0.));
#2299 = VECTOR('',#2300,1.);
#2300 = DIRECTION('',(0.,0.,1.));
#2301 = PCURVE('',#366,#2302);
#2302 = DEFINITIONAL_REPRESENTATION('',(#2303),#2307);
#2303 = LINE('',#2304,#2305);
#2304 = CARTESIAN_POINT('',(-13.94492328579,-56.94093745503));
#2305 = VECTOR('',#2306,1.);
#2306 = DIRECTION('',(0.99756405026,6.975647374413E-02));
#2307 = ( GEOMETRIC_REPRESENTATION_CONTEXT(2) 
PARAMETRIC_REPRESENTATION_CONTEXT() REPRESENTATION_CONTEXT('2D SPACE',''
  ) );
#2308 = PCURVE('',#2001,#2309);
#2309 = DEFINITIONAL_REPRESENTATION('',(#2310),#2314);
#2310 = LINE('',#2311,#2312);
#2311 = CARTESIAN_POINT('',(0.,1.2));
#2312 = VECTOR('',#2313,1.);
#2313 = DIRECTION('',(1.,0.));
#2314 = ( GEOMETRIC_REPRESENTATION_CONTEXT(2) 
PARAMETRIC_REPRESENTATION_CONTEXT() REPRESENTATION_CONTEXT('2D SPACE',''
  ) );
#2315 = ORIENTED_EDGE('',*,*,#2012,.T.);
#2316 = ORIENTED_EDGE('',*,*,#1862,.F.);
#2317 = ORIENTED_EDGE('',*,*,#1812,.T.);
#2318 = ORIENTED_EDGE('',*,*,#1249,.F.);
#2319 = ORIENTED_EDGE('',*,*,#476,.F.);
#2320 = FACE_BOUND('',#2321,.T.);
#2321 = EDGE_LOOP('',(#2322,#2351,#2378,#2405));
#2322 = ORIENTED_EDGE('',*,*,#2323,.F.);
#2323 = EDGE_CURVE('',#2324,#2326,#2328,.T.);
#2324 = VERTEX_POINT('',#2325);
#2325 = CARTESIAN_POINT('',(35.,-22.,4.4));
#2326 = VERTEX_POINT('',#2327);
#2327 = CARTESIAN_POINT('',(35.,-22.,5.6));
#2328 = SURFACE_CURVE('',#2329,(#2333,#2340),.PCURVE_S1.);
#2329 = LINE('',#2330,#2331);
#2330 = CARTESIAN_POINT('',(35.,-22.,4.45));
#2331 = VECTOR('',#2332,1.);
#2332 = DIRECTION('',(0.,-0.,1.));
#2333 = PCURVE('',#366,#2334);
#2334 = DEFINITIONAL_REPRESENTATION('',(#2335),#2339);
#2335 = LINE('',#2336,#2337);
#2336 = CARTESIAN_POINT('',(-10.06381505209,-48.65000874479));
#2337 = VECTOR('',#2338,1.);
#2338 = DIRECTION('',(0.99756405026,6.975647374413E-02));
#2339 = ( GEOMETRIC_REPRESENTATION_CONTEXT(2) 
PARAMETRIC_REPRESENTATION_CONTEXT() REPRESENTATION_CONTEXT('2D SPACE',''
  ) );
#2340 = PCURVE('',#2341,#2346);
#2341 = PLANE('',#2342);
#2342 = AXIS2_PLACEMENT_3D('',#2343,#2344,#2345);
#2343 = CARTESIAN_POINT('',(35.,-22.,5.));
#2344 = DIRECTION('',(2.22044604925E-16,-1.,0.));
#2345 = DIRECTION('',(1.,2.22044604925E-16,0.));
#2346 = DEFINITIONAL_REPRESENTATION('',(#2347),#2350);
#2347 = B_SPLINE_CURVE_WITH_KNOTS('',1,(#2348,#2349),.UNSPECIFIED.,.F.,
  .F.,(2,2),(-5.E-02,1.15),.PIECEWISE_BEZIER_KNOTS.);
#2348 = CARTESIAN_POINT('',(7.122084023643E-17,-0.6));
#2349 = CARTESIAN_POINT('',(7.122084023643E-17,0.6));
#2350 = ( GEOMETRIC_REPRESENTATION_CONTEXT(2) 
PARAMETRIC_REPRESENTATION_CONTEXT() REPRESENTATION_CONTEXT('2D SPACE',''
  ) );
#2351 = ORIENTED_EDGE('',*,*,#2352,.T.);
#2352 = EDGE_CURVE('',#2324,#2353,#2355,.T.);
#2353 = VERTEX_POINT('',#2354);
#2354 = CARTESIAN_POINT('',(35.,-62.,4.4));
#2355 = SURFACE_CURVE('',#2356,(#2360,#2367),.PCURVE_S1.);
#2356 = LINE('',#2357,#2358);
#2357 = CARTESIAN_POINT('',(35.,-42.,4.4));
#2358 = VECTOR('',#2359,1.);
#2359 = DIRECTION('',(2.22044604925E-16,-1.,0.));
#2360 = PCURVE('',#366,#2361);
#2361 = DEFINITIONAL_REPRESENTATION('',(#2362),#2366);
#2362 = LINE('',#2363,#2364);
#2363 = CARTESIAN_POINT('',(-11.50882272948,-28.70221556328));
#2364 = VECTOR('',#2365,1.);
#2365 = DIRECTION('',(-6.975647374413E-02,0.99756405026));
#2366 = ( GEOMETRIC_REPRESENTATION_CONTEXT(2) 
PARAMETRIC_REPRESENTATION_CONTEXT() REPRESENTATION_CONTEXT('2D SPACE',''
  ) );
#2367 = PCURVE('',#2368,#2373);
#2368 = CYLINDRICAL_SURFACE('',#2369,0.6);
#2369 = AXIS2_PLACEMENT_3D('',#2370,#2371,#2372);
#2370 = CARTESIAN_POINT('',(35.,-42.,5.));
#2371 = DIRECTION('',(2.22044604925E-16,-1.,0.));
#2372 = DIRECTION('',(1.,2.22044604925E-16,0.));
#2373 = DEFINITIONAL_REPRESENTATION('',(#2374),#2377);
#2374 = B_SPLINE_CURVE_WITH_KNOTS('',1,(#2375,#2376),.UNSPECIFIED.,.F.,
  .F.,(2,2),(-20.,20.),.PIECEWISE_BEZIER_KNOTS.);
#2375 = CARTESIAN_POINT('',(4.712388980385,-20.));
#2376 = CARTESIAN_POINT('',(4.712388980385,20.));
#2377 = ( GEOMETRIC_REPRESENTATION_CONTEXT(2) 
PARAMETRIC_REPRESENTATION_CONTEXT() REPRESENTATION_CONTEXT('2D SPACE',''
  ) );
#2378 = ORIENTED_EDGE('',*,*,#2379,.T.);
#2379 = EDGE_CURVE('',#2353,#2380,#2382,.T.);
#2380 = VERTEX_POINT('',#2381);
#2381 = CARTESIAN_POINT('',(35.,-62.,5.6));
#2382 = SURFACE_CURVE('',#2383,(#2387,#2394),.PCURVE_S1.);
#2383 = LINE('',#2384,#2385);
#2384 = CARTESIAN_POINT('',(35.,-62.,4.45));
#2385 = VECTOR('',#2386,1.);
#2386 = DIRECTION('',(0.,-0.,1.));
#2387 = PCURVE('',#366,#2388);
#2388 = DEFINITIONAL_REPRESENTATION('',(#2389),#2393);
#2389 = LINE('',#2390,#2391);
#2390 = CARTESIAN_POINT('',(-12.85407400185,-8.747446734403));
#2391 = VECTOR('',#2392,1.);
#2392 = DIRECTION('',(0.99756405026,6.975647374413E-02));
#2393 = ( GEOMETRIC_REPRESENTATION_CONTEXT(2) 
PARAMETRIC_REPRESENTATION_CONTEXT() REPRESENTATION_CONTEXT('2D SPACE',''
  ) );
#2394 = PCURVE('',#2395,#2400);
#2395 = PLANE('',#2396);
#2396 = AXIS2_PLACEMENT_3D('',#2397,#2398,#2399);
#2397 = CARTESIAN_POINT('',(35.,-62.,5.));
#2398 = DIRECTION('',(2.22044604925E-16,-1.,0.));
#2399 = DIRECTION('',(1.,2.22044604925E-16,0.));
#2400 = DEFINITIONAL_REPRESENTATION('',(#2401),#2404);
#2401 = B_SPLINE_CURVE_WITH_KNOTS('',1,(#2402,#2403),.UNSPECIFIED.,.F.,
  .F.,(2,2),(-5.E-02,1.15),.PIECEWISE_BEZIER_KNOTS.);
#2402 = CARTESIAN_POINT('',(7.122084023643E-17,-0.6));
#2403 = CARTESIAN_POINT('',(7.122084023643E-17,0.6));
#2404 = ( GEOMETRIC_REPRESENTATION_CONTEXT(2) 
PARAMETRIC_REPRESENTATION_CONTEXT() REPRESENTATION_CONTEXT('2D SPACE',''
  ) );
#2405 = ORIENTED_EDGE('',*,*,#2406,.F.);
#2406 = EDGE_CURVE('',#2326,#2380,#2407,.T.);
#2407 = SURFACE_CURVE('',#2408,(#2412,#2419),.PCURVE_S1.);
#2408 = LINE('',#2409,#2410);
#2409 = CARTESIAN_POINT('',(35.,-42.,5.6));
#2410 = VECTOR('',#2411,1.);
#2411 = DIRECTION('',(2.22044604925E-16,-1.,0.));
#2412 = PCURVE('',#366,#2413);
#2413 = DEFINITIONAL_REPRESENTATION('',(#2414),#2418);
#2414 = LINE('',#2415,#2416);
#2415 = CARTESIAN_POINT('',(-10.31174586917,-28.61850779479));
#2416 = VECTOR('',#2417,1.);
#2417 = DIRECTION('',(-6.975647374413E-02,0.99756405026));
#2418 = ( GEOMETRIC_REPRESENTATION_CONTEXT(2) 
PARAMETRIC_REPRESENTATION_CONTEXT() REPRESENTATION_CONTEXT('2D SPACE',''
  ) );
#2419 = PCURVE('',#2368,#2420);
#2420 = DEFINITIONAL_REPRESENTATION('',(#2421),#2424);
#2421 = B_SPLINE_CURVE_WITH_KNOTS('',1,(#2422,#2423),.UNSPECIFIED.,.F.,
  .F.,(2,2),(-20.,20.),.PIECEWISE_BEZIER_KNOTS.);
#2422 = CARTESIAN_POINT('',(7.853981633974,-20.));
#2423 = CARTESIAN_POINT('',(7.853981633974,20.));
#2424 = ( GEOMETRIC_REPRESENTATION_CONTEXT(2) 
PARAMETRIC_REPRESENTATION_CONTEXT() REPRESENTATION_CONTEXT('2D SPACE',''
  ) );
#2425 = ADVANCED_FACE('',(#2426),#1234,.F.);
#2426 = FACE_BOUND('',#2427,.F.);
#2427 = EDGE_LOOP('',(#2428,#2451,#2472,#2473));
#2428 = ORIENTED_EDGE('',*,*,#2429,.T.);
#2429 = EDGE_CURVE('',#1296,#2430,#2432,.T.);
#2430 = VERTEX_POINT('',#2431);
#2431 = CARTESIAN_POINT('',(-28.80717967697,-35.77279286186,
    17.506361155308));
#2432 = SURFACE_CURVE('',#2433,(#2437,#2444),.PCURVE_S1.);
#2433 = LINE('',#2434,#2435);
#2434 = CARTESIAN_POINT('',(-28.80717967697,36.051818756842,
    12.483895045731));
#2435 = VECTOR('',#2436,1.);
#2436 = DIRECTION('',(0.,-0.99756405026,6.975647374413E-02));
#2437 = PCURVE('',#1234,#2438);
#2438 = DEFINITIONAL_REPRESENTATION('',(#2439),#2443);
#2439 = LINE('',#2440,#2441);
#2440 = CARTESIAN_POINT('',(0.,36.));
#2441 = VECTOR('',#2442,1.);
#2442 = DIRECTION('',(0.,-1.));
#2443 = ( GEOMETRIC_REPRESENTATION_CONTEXT(2) 
PARAMETRIC_REPRESENTATION_CONTEXT() REPRESENTATION_CONTEXT('2D SPACE',''
  ) );
#2444 = PCURVE('',#1333,#2445);
#2445 = DEFINITIONAL_REPRESENTATION('',(#2446),#2450);
#2446 = LINE('',#2447,#2448);
#2447 = CARTESIAN_POINT('',(3.614359353945,36.));
#2448 = VECTOR('',#2449,1.);
#2449 = DIRECTION('',(0.,-1.));
#2450 = ( GEOMETRIC_REPRESENTATION_CONTEXT(2) 
PARAMETRIC_REPRESENTATION_CONTEXT() REPRESENTATION_CONTEXT('2D SPACE',''
  ) );
#2451 = ORIENTED_EDGE('',*,*,#2452,.T.);
#2452 = EDGE_CURVE('',#2430,#1193,#2453,.T.);
#2453 = SURFACE_CURVE('',#2454,(#2458,#2465),.PCURVE_S1.);
#2454 = LINE('',#2455,#2456);
#2455 = CARTESIAN_POINT('',(-28.80717967697,-35.77279286186,
    17.506361155308));
#2456 = VECTOR('',#2457,1.);
#2457 = DIRECTION('',(-0.5,6.041087834083E-02,0.863915809427));
#2458 = PCURVE('',#1234,#2459);
#2459 = DEFINITIONAL_REPRESENTATION('',(#2460),#2464);
#2460 = LINE('',#2461,#2462);
#2461 = CARTESIAN_POINT('',(0.,-36.));
#2462 = VECTOR('',#2463,1.);
#2463 = DIRECTION('',(1.,0.));
#2464 = ( GEOMETRIC_REPRESENTATION_CONTEXT(2) 
PARAMETRIC_REPRESENTATION_CONTEXT() REPRESENTATION_CONTEXT('2D SPACE',''
  ) );
#2465 = PCURVE('',#1208,#2466);
#2466 = DEFINITIONAL_REPRESENTATION('',(#2467),#2471);
#2467 = LINE('',#2468,#2469);
#2468 = CARTESIAN_POINT('',(1.807179676972,-0.673020431039));
#2469 = VECTOR('',#2470,1.);
#2470 = DIRECTION('',(0.5,0.866025403784));
#2471 = ( GEOMETRIC_REPRESENTATION_CONTEXT(2) 
PARAMETRIC_REPRESENTATION_CONTEXT() REPRESENTATION_CONTEXT('2D SPACE',''
  ) );
#2472 = ORIENTED_EDGE('',*,*,#1220,.F.);
#2473 = ORIENTED_EDGE('',*,*,#1295,.F.);
#2474 = ADVANCED_FACE('',(#2475),#1208,.T.);
#2475 = FACE_BOUND('',#2476,.T.);
#2476 = EDGE_LOOP('',(#2477,#2478,#2501,#2522));
#2477 = ORIENTED_EDGE('',*,*,#1192,.T.);
#2478 = ORIENTED_EDGE('',*,*,#2479,.T.);
#2479 = EDGE_CURVE('',#1165,#2480,#2482,.T.);
#2480 = VERTEX_POINT('',#2481);
#2481 = CARTESIAN_POINT('',(-25.19282032302,-35.77279286186,
    17.506361155308));
#2482 = SURFACE_CURVE('',#2483,(#2487,#2494),.PCURVE_S1.);
#2483 = LINE('',#2484,#2485);
#2484 = CARTESIAN_POINT('',(-24.5,-35.68908509337,18.70343801562));
#2485 = VECTOR('',#2486,1.);
#2486 = DIRECTION('',(-0.5,-6.041087834083E-02,-0.863915809427));
#2487 = PCURVE('',#1208,#2488);
#2488 = DEFINITIONAL_REPRESENTATION('',(#2489),#2493);
#2489 = LINE('',#2490,#2491);
#2490 = CARTESIAN_POINT('',(-2.5,0.526979568961));
#2491 = VECTOR('',#2492,1.);
#2492 = DIRECTION('',(0.5,-0.866025403784));
#2493 = ( GEOMETRIC_REPRESENTATION_CONTEXT(2) 
PARAMETRIC_REPRESENTATION_CONTEXT() REPRESENTATION_CONTEXT('2D SPACE',''
  ) );
#2494 = PCURVE('',#1180,#2495);
#2495 = DEFINITIONAL_REPRESENTATION('',(#2496),#2500);
#2496 = LINE('',#2497,#2498);
#2497 = CARTESIAN_POINT('',(0.,-36.));
#2498 = VECTOR('',#2499,1.);
#2499 = DIRECTION('',(1.,0.));
#2500 = ( GEOMETRIC_REPRESENTATION_CONTEXT(2) 
PARAMETRIC_REPRESENTATION_CONTEXT() REPRESENTATION_CONTEXT('2D SPACE',''
  ) );
#2501 = ORIENTED_EDGE('',*,*,#2502,.T.);
#2502 = EDGE_CURVE('',#2480,#2430,#2503,.T.);
#2503 = SURFACE_CURVE('',#2504,(#2508,#2515),.PCURVE_S1.);
#2504 = LINE('',#2505,#2506);
#2505 = CARTESIAN_POINT('',(-25.19282032302,-35.77279286186,
    17.506361155308));
#2506 = VECTOR('',#2507,1.);
#2507 = DIRECTION('',(-1.,0.,0.));
#2508 = PCURVE('',#1208,#2509);
#2509 = DEFINITIONAL_REPRESENTATION('',(#2510),#2514);
#2510 = LINE('',#2511,#2512);
#2511 = CARTESIAN_POINT('',(-1.807179676972,-0.673020431039));
#2512 = VECTOR('',#2513,1.);
#2513 = DIRECTION('',(1.,0.));
#2514 = ( GEOMETRIC_REPRESENTATION_CONTEXT(2) 
PARAMETRIC_REPRESENTATION_CONTEXT() REPRESENTATION_CONTEXT('2D SPACE',''
  ) );
#2515 = PCURVE('',#1333,#2516);
#2516 = DEFINITIONAL_REPRESENTATION('',(#2517),#2521);
#2517 = LINE('',#2518,#2519);
#2518 = CARTESIAN_POINT('',(0.,-36.));
#2519 = VECTOR('',#2520,1.);
#2520 = DIRECTION('',(1.,0.));
#2521 = ( GEOMETRIC_REPRESENTATION_CONTEXT(2) 
PARAMETRIC_REPRESENTATION_CONTEXT() REPRESENTATION_CONTEXT('2D SPACE',''
  ) );
#2522 = ORIENTED_EDGE('',*,*,#2452,.T.);
#2523 = ADVANCED_FACE('',(#2524),#1180,.F.);
#2524 = FACE_BOUND('',#2525,.F.);
#2525 = EDGE_LOOP('',(#2526,#2527,#2528,#2549));
#2526 = ORIENTED_EDGE('',*,*,#1164,.F.);
#2527 = ORIENTED_EDGE('',*,*,#2479,.T.);
#2528 = ORIENTED_EDGE('',*,*,#2529,.T.);
#2529 = EDGE_CURVE('',#2480,#1318,#2530,.T.);
#2530 = SURFACE_CURVE('',#2531,(#2535,#2542),.PCURVE_S1.);
#2531 = LINE('',#2532,#2533);
#2532 = CARTESIAN_POINT('',(-25.19282032302,-35.77279286186,
    17.506361155308));
#2533 = VECTOR('',#2534,1.);
#2534 = DIRECTION('',(0.,0.99756405026,-6.975647374413E-02));
#2535 = PCURVE('',#1180,#2536);
#2536 = DEFINITIONAL_REPRESENTATION('',(#2537),#2541);
#2537 = LINE('',#2538,#2539);
#2538 = CARTESIAN_POINT('',(1.385640646055,-36.));
#2539 = VECTOR('',#2540,1.);
#2540 = DIRECTION('',(-0.,1.));
#2541 = ( GEOMETRIC_REPRESENTATION_CONTEXT(2) 
PARAMETRIC_REPRESENTATION_CONTEXT() REPRESENTATION_CONTEXT('2D SPACE',''
  ) );
#2542 = PCURVE('',#1333,#2543);
#2543 = DEFINITIONAL_REPRESENTATION('',(#2544),#2548);
#2544 = LINE('',#2545,#2546);
#2545 = CARTESIAN_POINT('',(0.,-36.));
#2546 = VECTOR('',#2547,1.);
#2547 = DIRECTION('',(0.,1.));
#2548 = ( GEOMETRIC_REPRESENTATION_CONTEXT(2) 
PARAMETRIC_REPRESENTATION_CONTEXT() REPRESENTATION_CONTEXT('2D SPACE',''
  ) );
#2549 = ORIENTED_EDGE('',*,*,#1344,.F.);
#2550 = ADVANCED_FACE('',(#2551),#1129,.F.);
#2551 = FACE_BOUND('',#2552,.F.);
#2552 = EDGE_LOOP('',(#2553,#2576,#2597,#2598));
#2553 = ORIENTED_EDGE('',*,*,#2554,.T.);
#2554 = EDGE_CURVE('',#1366,#2555,#2557,.T.);
#2555 = VERTEX_POINT('',#2556);
#2556 = CARTESIAN_POINT('',(-19.80717967697,-35.77279286186,
    17.506361155308));
#2557 = SURFACE_CURVE('',#2558,(#2562,#2569),.PCURVE_S1.);
#2558 = LINE('',#2559,#2560);
#2559 = CARTESIAN_POINT('',(-19.80717967697,36.051818756842,
    12.483895045731));
#2560 = VECTOR('',#2561,1.);
#2561 = DIRECTION('',(0.,-0.99756405026,6.975647374413E-02));
#2562 = PCURVE('',#1129,#2563);
#2563 = DEFINITIONAL_REPRESENTATION('',(#2564),#2568);
#2564 = LINE('',#2565,#2566);
#2565 = CARTESIAN_POINT('',(0.,36.));
#2566 = VECTOR('',#2567,1.);
#2567 = DIRECTION('',(0.,-1.));
#2568 = ( GEOMETRIC_REPRESENTATION_CONTEXT(2) 
PARAMETRIC_REPRESENTATION_CONTEXT() REPRESENTATION_CONTEXT('2D SPACE',''
  ) );
#2569 = PCURVE('',#1403,#2570);
#2570 = DEFINITIONAL_REPRESENTATION('',(#2571),#2575);
#2571 = LINE('',#2572,#2573);
#2572 = CARTESIAN_POINT('',(3.614359353945,36.));
#2573 = VECTOR('',#2574,1.);
#2574 = DIRECTION('',(0.,-1.));
#2575 = ( GEOMETRIC_REPRESENTATION_CONTEXT(2) 
PARAMETRIC_REPRESENTATION_CONTEXT() REPRESENTATION_CONTEXT('2D SPACE',''
  ) );
#2576 = ORIENTED_EDGE('',*,*,#2577,.T.);
#2577 = EDGE_CURVE('',#2555,#1086,#2578,.T.);
#2578 = SURFACE_CURVE('',#2579,(#2583,#2590),.PCURVE_S1.);
#2579 = LINE('',#2580,#2581);
#2580 = CARTESIAN_POINT('',(-19.80717967697,-35.77279286186,
    17.506361155308));
#2581 = VECTOR('',#2582,1.);
#2582 = DIRECTION('',(-0.5,6.041087834083E-02,0.863915809427));
#2583 = PCURVE('',#1129,#2584);
#2584 = DEFINITIONAL_REPRESENTATION('',(#2585),#2589);
#2585 = LINE('',#2586,#2587);
#2586 = CARTESIAN_POINT('',(0.,-36.));
#2587 = VECTOR('',#2588,1.);
#2588 = DIRECTION('',(1.,0.));
#2589 = ( GEOMETRIC_REPRESENTATION_CONTEXT(2) 
PARAMETRIC_REPRESENTATION_CONTEXT() REPRESENTATION_CONTEXT('2D SPACE',''
  ) );
#2590 = PCURVE('',#1101,#2591);
#2591 = DEFINITIONAL_REPRESENTATION('',(#2592),#2596);
#2592 = LINE('',#2593,#2594);
#2593 = CARTESIAN_POINT('',(1.807179676972,-0.673020431039));
#2594 = VECTOR('',#2595,1.);
#2595 = DIRECTION('',(0.5,0.866025403784));
#2596 = ( GEOMETRIC_REPRESENTATION_CONTEXT(2) 
PARAMETRIC_REPRESENTATION_CONTEXT() REPRESENTATION_CONTEXT('2D SPACE',''
  ) );
#2597 = ORIENTED_EDGE('',*,*,#1113,.F.);
#2598 = ORIENTED_EDGE('',*,*,#1365,.F.);
#2599 = ADVANCED_FACE('',(#2600),#1101,.T.);
#2600 = FACE_BOUND('',#2601,.T.);
#2601 = EDGE_LOOP('',(#2602,#2603,#2626,#2647));
#2602 = ORIENTED_EDGE('',*,*,#1085,.T.);
#2603 = ORIENTED_EDGE('',*,*,#2604,.T.);
#2604 = EDGE_CURVE('',#1058,#2605,#2607,.T.);
#2605 = VERTEX_POINT('',#2606);
#2606 = CARTESIAN_POINT('',(-16.19282032302,-35.77279286186,
    17.506361155308));
#2607 = SURFACE_CURVE('',#2608,(#2612,#2619),.PCURVE_S1.);
#2608 = LINE('',#2609,#2610);
#2609 = CARTESIAN_POINT('',(-15.5,-35.68908509337,18.70343801562));
#2610 = VECTOR('',#2611,1.);
#2611 = DIRECTION('',(-0.5,-6.041087834083E-02,-0.863915809427));
#2612 = PCURVE('',#1101,#2613);
#2613 = DEFINITIONAL_REPRESENTATION('',(#2614),#2618);
#2614 = LINE('',#2615,#2616);
#2615 = CARTESIAN_POINT('',(-2.5,0.526979568961));
#2616 = VECTOR('',#2617,1.);
#2617 = DIRECTION('',(0.5,-0.866025403784));
#2618 = ( GEOMETRIC_REPRESENTATION_CONTEXT(2) 
PARAMETRIC_REPRESENTATION_CONTEXT() REPRESENTATION_CONTEXT('2D SPACE',''
  ) );
#2619 = PCURVE('',#1073,#2620);
#2620 = DEFINITIONAL_REPRESENTATION('',(#2621),#2625);
#2621 = LINE('',#2622,#2623);
#2622 = CARTESIAN_POINT('',(0.,-36.));
#2623 = VECTOR('',#2624,1.);
#2624 = DIRECTION('',(1.,0.));
#2625 = ( GEOMETRIC_REPRESENTATION_CONTEXT(2) 
PARAMETRIC_REPRESENTATION_CONTEXT() REPRESENTATION_CONTEXT('2D SPACE',''
  ) );
#2626 = ORIENTED_EDGE('',*,*,#2627,.T.);
#2627 = EDGE_CURVE('',#2605,#2555,#2628,.T.);
#2628 = SURFACE_CURVE('',#2629,(#2633,#2640),.PCURVE_S1.);
#2629 = LINE('',#2630,#2631);
#2630 = CARTESIAN_POINT('',(-16.19282032302,-35.77279286186,
    17.506361155308));
#2631 = VECTOR('',#2632,1.);
#2632 = DIRECTION('',(-1.,0.,0.));
#2633 = PCURVE('',#1101,#2634);
#2634 = DEFINITIONAL_REPRESENTATION('',(#2635),#2639);
#2635 = LINE('',#2636,#2637);
#2636 = CARTESIAN_POINT('',(-1.807179676972,-0.673020431039));
#2637 = VECTOR('',#2638,1.);
#2638 = DIRECTION('',(1.,0.));
#2639 = ( GEOMETRIC_REPRESENTATION_CONTEXT(2) 
PARAMETRIC_REPRESENTATION_CONTEXT() REPRESENTATION_CONTEXT('2D SPACE',''
  ) );
#2640 = PCURVE('',#1403,#2641);
#2641 = DEFINITIONAL_REPRESENTATION('',(#2642),#2646);
#2642 = LINE('',#2643,#2644);
#2643 = CARTESIAN_POINT('',(0.,-36.));
#2644 = VECTOR('',#2645,1.);
#2645 = DIRECTION('',(1.,0.));
#2646 = ( GEOMETRIC_REPRESENTATION_CONTEXT(2) 
PARAMETRIC_REPRESENTATION_CONTEXT() REPRESENTATION_CONTEXT('2D SPACE',''
  ) );
#2647 = ORIENTED_EDGE('',*,*,#2577,.T.);
#2648 = ADVANCED_FACE('',(#2649),#1073,.F.);
#2649 = FACE_BOUND('',#2650,.F.);
#2650 = EDGE_LOOP('',(#2651,#2652,#2653,#2674));
#2651 = ORIENTED_EDGE('',*,*,#1057,.F.);
#2652 = ORIENTED_EDGE('',*,*,#2604,.T.);
#2653 = ORIENTED_EDGE('',*,*,#2654,.T.);
#2654 = EDGE_CURVE('',#2605,#1388,#2655,.T.);
#2655 = SURFACE_CURVE('',#2656,(#2660,#2667),.PCURVE_S1.);
#2656 = LINE('',#2657,#2658);
#2657 = CARTESIAN_POINT('',(-16.19282032302,-35.77279286186,
    17.506361155308));
#2658 = VECTOR('',#2659,1.);
#2659 = DIRECTION('',(0.,0.99756405026,-6.975647374413E-02));
#2660 = PCURVE('',#1073,#2661);
#2661 = DEFINITIONAL_REPRESENTATION('',(#2662),#2666);
#2662 = LINE('',#2663,#2664);
#2663 = CARTESIAN_POINT('',(1.385640646055,-36.));
#2664 = VECTOR('',#2665,1.);
#2665 = DIRECTION('',(-0.,1.));
#2666 = ( GEOMETRIC_REPRESENTATION_CONTEXT(2) 
PARAMETRIC_REPRESENTATION_CONTEXT() REPRESENTATION_CONTEXT('2D SPACE',''
  ) );
#2667 = PCURVE('',#1403,#2668);
#2668 = DEFINITIONAL_REPRESENTATION('',(#2669),#2673);
#2669 = LINE('',#2670,#2671);
#2670 = CARTESIAN_POINT('',(0.,-36.));
#2671 = VECTOR('',#2672,1.);
#2672 = DIRECTION('',(0.,1.));
#2673 = ( GEOMETRIC_REPRESENTATION_CONTEXT(2) 
PARAMETRIC_REPRESENTATION_CONTEXT() REPRESENTATION_CONTEXT('2D SPACE',''
  ) );
#2674 = ORIENTED_EDGE('',*,*,#1414,.F.);
#2675 = ADVANCED_FACE('',(#2676),#1022,.F.);
#2676 = FACE_BOUND('',#2677,.F.);
#2677 = EDGE_LOOP('',(#2678,#2701,#2722,#2723));
#2678 = ORIENTED_EDGE('',*,*,#2679,.T.);
#2679 = EDGE_CURVE('',#1436,#2680,#2682,.T.);
#2680 = VERTEX_POINT('',#2681);
#2681 = CARTESIAN_POINT('',(-10.80717967697,-35.77279286186,
    17.506361155308));
#2682 = SURFACE_CURVE('',#2683,(#2687,#2694),.PCURVE_S1.);
#2683 = LINE('',#2684,#2685);
#2684 = CARTESIAN_POINT('',(-10.80717967697,36.051818756842,
    12.483895045731));
#2685 = VECTOR('',#2686,1.);
#2686 = DIRECTION('',(0.,-0.99756405026,6.975647374413E-02));
#2687 = PCURVE('',#1022,#2688);
#2688 = DEFINITIONAL_REPRESENTATION('',(#2689),#2693);
#2689 = LINE('',#2690,#2691);
#2690 = CARTESIAN_POINT('',(0.,36.));
#2691 = VECTOR('',#2692,1.);
#2692 = DIRECTION('',(0.,-1.));
#2693 = ( GEOMETRIC_REPRESENTATION_CONTEXT(2) 
PARAMETRIC_REPRESENTATION_CONTEXT() REPRESENTATION_CONTEXT('2D SPACE',''
  ) );
#2694 = PCURVE('',#1473,#2695);
#2695 = DEFINITIONAL_REPRESENTATION('',(#2696),#2700);
#2696 = LINE('',#2697,#2698);
#2697 = CARTESIAN_POINT('',(3.614359353945,36.));
#2698 = VECTOR('',#2699,1.);
#2699 = DIRECTION('',(0.,-1.));
#2700 = ( GEOMETRIC_REPRESENTATION_CONTEXT(2) 
PARAMETRIC_REPRESENTATION_CONTEXT() REPRESENTATION_CONTEXT('2D SPACE',''
  ) );
#2701 = ORIENTED_EDGE('',*,*,#2702,.T.);
#2702 = EDGE_CURVE('',#2680,#979,#2703,.T.);
#2703 = SURFACE_CURVE('',#2704,(#2708,#2715),.PCURVE_S1.);
#2704 = LINE('',#2705,#2706);
#2705 = CARTESIAN_POINT('',(-10.80717967697,-35.77279286186,
    17.506361155308));
#2706 = VECTOR('',#2707,1.);
#2707 = DIRECTION('',(-0.5,6.041087834083E-02,0.863915809427));
#2708 = PCURVE('',#1022,#2709);
#2709 = DEFINITIONAL_REPRESENTATION('',(#2710),#2714);
#2710 = LINE('',#2711,#2712);
#2711 = CARTESIAN_POINT('',(0.,-36.));
#2712 = VECTOR('',#2713,1.);
#2713 = DIRECTION('',(1.,0.));
#2714 = ( GEOMETRIC_REPRESENTATION_CONTEXT(2) 
PARAMETRIC_REPRESENTATION_CONTEXT() REPRESENTATION_CONTEXT('2D SPACE',''
  ) );
#2715 = PCURVE('',#994,#2716);
#2716 = DEFINITIONAL_REPRESENTATION('',(#2717),#2721);
#2717 = LINE('',#2718,#2719);
#2718 = CARTESIAN_POINT('',(1.807179676972,-0.673020431039));
#2719 = VECTOR('',#2720,1.);
#2720 = DIRECTION('',(0.5,0.866025403784));
#2721 = ( GEOMETRIC_REPRESENTATION_CONTEXT(2) 
PARAMETRIC_REPRESENTATION_CONTEXT() REPRESENTATION_CONTEXT('2D SPACE',''
  ) );
#2722 = ORIENTED_EDGE('',*,*,#1006,.F.);
#2723 = ORIENTED_EDGE('',*,*,#1435,.F.);
#2724 = ADVANCED_FACE('',(#2725),#994,.T.);
#2725 = FACE_BOUND('',#2726,.T.);
#2726 = EDGE_LOOP('',(#2727,#2728,#2751,#2772));
#2727 = ORIENTED_EDGE('',*,*,#978,.T.);
#2728 = ORIENTED_EDGE('',*,*,#2729,.T.);
#2729 = EDGE_CURVE('',#951,#2730,#2732,.T.);
#2730 = VERTEX_POINT('',#2731);
#2731 = CARTESIAN_POINT('',(-7.192820323028,-35.77279286186,
    17.506361155308));
#2732 = SURFACE_CURVE('',#2733,(#2737,#2744),.PCURVE_S1.);
#2733 = LINE('',#2734,#2735);
#2734 = CARTESIAN_POINT('',(-6.5,-35.68908509337,18.70343801562));
#2735 = VECTOR('',#2736,1.);
#2736 = DIRECTION('',(-0.5,-6.041087834083E-02,-0.863915809427));
#2737 = PCURVE('',#994,#2738);
#2738 = DEFINITIONAL_REPRESENTATION('',(#2739),#2743);
#2739 = LINE('',#2740,#2741);
#2740 = CARTESIAN_POINT('',(-2.5,0.526979568961));
#2741 = VECTOR('',#2742,1.);
#2742 = DIRECTION('',(0.5,-0.866025403784));
#2743 = ( GEOMETRIC_REPRESENTATION_CONTEXT(2) 
PARAMETRIC_REPRESENTATION_CONTEXT() REPRESENTATION_CONTEXT('2D SPACE',''
  ) );
#2744 = PCURVE('',#966,#2745);
#2745 = DEFINITIONAL_REPRESENTATION('',(#2746),#2750);
#2746 = LINE('',#2747,#2748);
#2747 = CARTESIAN_POINT('',(0.,-36.));
#2748 = VECTOR('',#2749,1.);
#2749 = DIRECTION('',(1.,0.));
#2750 = ( GEOMETRIC_REPRESENTATION_CONTEXT(2) 
PARAMETRIC_REPRESENTATION_CONTEXT() REPRESENTATION_CONTEXT('2D SPACE',''
  ) );
#2751 = ORIENTED_EDGE('',*,*,#2752,.T.);
#2752 = EDGE_CURVE('',#2730,#2680,#2753,.T.);
#2753 = SURFACE_CURVE('',#2754,(#2758,#2765),.PCURVE_S1.);
#2754 = LINE('',#2755,#2756);
#2755 = CARTESIAN_POINT('',(-7.192820323028,-35.77279286186,
    17.506361155308));
#2756 = VECTOR('',#2757,1.);
#2757 = DIRECTION('',(-1.,0.,0.));
#2758 = PCURVE('',#994,#2759);
#2759 = DEFINITIONAL_REPRESENTATION('',(#2760),#2764);
#2760 = LINE('',#2761,#2762);
#2761 = CARTESIAN_POINT('',(-1.807179676972,-0.673020431039));
#2762 = VECTOR('',#2763,1.);
#2763 = DIRECTION('',(1.,0.));
#2764 = ( GEOMETRIC_REPRESENTATION_CONTEXT(2) 
PARAMETRIC_REPRESENTATION_CONTEXT() REPRESENTATION_CONTEXT('2D SPACE',''
  ) );
#2765 = PCURVE('',#1473,#2766);
#2766 = DEFINITIONAL_REPRESENTATION('',(#2767),#2771);
#2767 = LINE('',#2768,#2769);
#2768 = CARTESIAN_POINT('',(0.,-36.));
#2769 = VECTOR('',#2770,1.);
#2770 = DIRECTION('',(1.,0.));
#2771 = ( GEOMETRIC_REPRESENTATION_CONTEXT(2) 
PARAMETRIC_REPRESENTATION_CONTEXT() REPRESENTATION_CONTEXT('2D SPACE',''
  ) );
#2772 = ORIENTED_EDGE('',*,*,#2702,.T.);
#2773 = ADVANCED_FACE('',(#2774),#966,.F.);
#2774 = FACE_BOUND('',#2775,.F.);
#2775 = EDGE_LOOP('',(#2776,#2777,#2778,#2799));
#2776 = ORIENTED_EDGE('',*,*,#950,.F.);
#2777 = ORIENTED_EDGE('',*,*,#2729,.T.);
#2778 = ORIENTED_EDGE('',*,*,#2779,.T.);
#2779 = EDGE_CURVE('',#2730,#1458,#2780,.T.);
#2780 = SURFACE_CURVE('',#2781,(#2785,#2792),.PCURVE_S1.);
#2781 = LINE('',#2782,#2783);
#2782 = CARTESIAN_POINT('',(-7.192820323028,-35.77279286186,
    17.506361155308));
#2783 = VECTOR('',#2784,1.);
#2784 = DIRECTION('',(0.,0.99756405026,-6.975647374413E-02));
#2785 = PCURVE('',#966,#2786);
#2786 = DEFINITIONAL_REPRESENTATION('',(#2787),#2791);
#2787 = LINE('',#2788,#2789);
#2788 = CARTESIAN_POINT('',(1.385640646055,-36.));
#2789 = VECTOR('',#2790,1.);
#2790 = DIRECTION('',(-0.,1.));
#2791 = ( GEOMETRIC_REPRESENTATION_CONTEXT(2) 
PARAMETRIC_REPRESENTATION_CONTEXT() REPRESENTATION_CONTEXT('2D SPACE',''
  ) );
#2792 = PCURVE('',#1473,#2793);
#2793 = DEFINITIONAL_REPRESENTATION('',(#2794),#2798);
#2794 = LINE('',#2795,#2796);
#2795 = CARTESIAN_POINT('',(0.,-36.));
#2796 = VECTOR('',#2797,1.);
#2797 = DIRECTION('',(0.,1.));
#2798 = ( GEOMETRIC_REPRESENTATION_CONTEXT(2) 
PARAMETRIC_REPRESENTATION_CONTEXT() REPRESENTATION_CONTEXT('2D SPACE',''
  ) );
#2799 = ORIENTED_EDGE('',*,*,#1484,.F.);
#2800 = ADVANCED_FACE('',(#2801),#915,.F.);
#2801 = FACE_BOUND('',#2802,.F.);
#2802 = EDGE_LOOP('',(#2803,#2826,#2847,#2848));
#2803 = ORIENTED_EDGE('',*,*,#2804,.T.);
#2804 = EDGE_CURVE('',#1506,#2805,#2807,.T.);
#2805 = VERTEX_POINT('',#2806);
#2806 = CARTESIAN_POINT('',(-1.807179676972,-35.77279286186,
    17.506361155308));
#2807 = SURFACE_CURVE('',#2808,(#2812,#2819),.PCURVE_S1.);
#2808 = LINE('',#2809,#2810);
#2809 = CARTESIAN_POINT('',(-1.807179676972,36.051818756842,
    12.483895045731));
#2810 = VECTOR('',#2811,1.);
#2811 = DIRECTION('',(0.,-0.99756405026,6.975647374413E-02));
#2812 = PCURVE('',#915,#2813);
#2813 = DEFINITIONAL_REPRESENTATION('',(#2814),#2818);
#2814 = LINE('',#2815,#2816);
#2815 = CARTESIAN_POINT('',(0.,36.));
#2816 = VECTOR('',#2817,1.);
#2817 = DIRECTION('',(0.,-1.));
#2818 = ( GEOMETRIC_REPRESENTATION_CONTEXT(2) 
PARAMETRIC_REPRESENTATION_CONTEXT() REPRESENTATION_CONTEXT('2D SPACE',''
  ) );
#2819 = PCURVE('',#1543,#2820);
#2820 = DEFINITIONAL_REPRESENTATION('',(#2821),#2825);
#2821 = LINE('',#2822,#2823);
#2822 = CARTESIAN_POINT('',(3.614359353945,36.));
#2823 = VECTOR('',#2824,1.);
#2824 = DIRECTION('',(0.,-1.));
#2825 = ( GEOMETRIC_REPRESENTATION_CONTEXT(2) 
PARAMETRIC_REPRESENTATION_CONTEXT() REPRESENTATION_CONTEXT('2D SPACE',''
  ) );
#2826 = ORIENTED_EDGE('',*,*,#2827,.T.);
#2827 = EDGE_CURVE('',#2805,#872,#2828,.T.);
#2828 = SURFACE_CURVE('',#2829,(#2833,#2840),.PCURVE_S1.);
#2829 = LINE('',#2830,#2831);
#2830 = CARTESIAN_POINT('',(-1.807179676972,-35.77279286186,
    17.506361155308));
#2831 = VECTOR('',#2832,1.);
#2832 = DIRECTION('',(-0.5,6.041087834083E-02,0.863915809427));
#2833 = PCURVE('',#915,#2834);
#2834 = DEFINITIONAL_REPRESENTATION('',(#2835),#2839);
#2835 = LINE('',#2836,#2837);
#2836 = CARTESIAN_POINT('',(0.,-36.));
#2837 = VECTOR('',#2838,1.);
#2838 = DIRECTION('',(1.,0.));
#2839 = ( GEOMETRIC_REPRESENTATION_CONTEXT(2) 
PARAMETRIC_REPRESENTATION_CONTEXT() REPRESENTATION_CONTEXT('2D SPACE',''
  ) );
#2840 = PCURVE('',#887,#2841);
#2841 = DEFINITIONAL_REPRESENTATION('',(#2842),#2846);
#2842 = LINE('',#2843,#2844);
#2843 = CARTESIAN_POINT('',(1.807179676972,-0.673020431039));
#2844 = VECTOR('',#2845,1.);
#2845 = DIRECTION('',(0.5,0.866025403784));
#2846 = ( GEOMETRIC_REPRESENTATION_CONTEXT(2) 
PARAMETRIC_REPRESENTATION_CONTEXT() REPRESENTATION_CONTEXT('2D SPACE',''
  ) );
#2847 = ORIENTED_EDGE('',*,*,#899,.F.);
#2848 = ORIENTED_EDGE('',*,*,#1505,.F.);
#2849 = ADVANCED_FACE('',(#2850),#887,.T.);
#2850 = FACE_BOUND('',#2851,.T.);
#2851 = EDGE_LOOP('',(#2852,#2853,#2876,#2897));
#2852 = ORIENTED_EDGE('',*,*,#871,.T.);
#2853 = ORIENTED_EDGE('',*,*,#2854,.T.);
#2854 = EDGE_CURVE('',#844,#2855,#2857,.T.);
#2855 = VERTEX_POINT('',#2856);
#2856 = CARTESIAN_POINT('',(1.807179676972,-35.77279286186,
    17.506361155308));
#2857 = SURFACE_CURVE('',#2858,(#2862,#2869),.PCURVE_S1.);
#2858 = LINE('',#2859,#2860);
#2859 = CARTESIAN_POINT('',(2.5,-35.68908509337,18.70343801562));
#2860 = VECTOR('',#2861,1.);
#2861 = DIRECTION('',(-0.5,-6.041087834083E-02,-0.863915809427));
#2862 = PCURVE('',#887,#2863);
#2863 = DEFINITIONAL_REPRESENTATION('',(#2864),#2868);
#2864 = LINE('',#2865,#2866);
#2865 = CARTESIAN_POINT('',(-2.5,0.526979568961));
#2866 = VECTOR('',#2867,1.);
#2867 = DIRECTION('',(0.5,-0.866025403784));
#2868 = ( GEOMETRIC_REPRESENTATION_CONTEXT(2) 
PARAMETRIC_REPRESENTATION_CONTEXT() REPRESENTATION_CONTEXT('2D SPACE',''
  ) );
#2869 = PCURVE('',#859,#2870);
#2870 = DEFINITIONAL_REPRESENTATION('',(#2871),#2875);
#2871 = LINE('',#2872,#2873);
#2872 = CARTESIAN_POINT('',(0.,-36.));
#2873 = VECTOR('',#2874,1.);
#2874 = DIRECTION('',(1.,0.));
#2875 = ( GEOMETRIC_REPRESENTATION_CONTEXT(2) 
PARAMETRIC_REPRESENTATION_CONTEXT() REPRESENTATION_CONTEXT('2D SPACE',''
  ) );
#2876 = ORIENTED_EDGE('',*,*,#2877,.T.);
#2877 = EDGE_CURVE('',#2855,#2805,#2878,.T.);
#2878 = SURFACE_CURVE('',#2879,(#2883,#2890),.PCURVE_S1.);
#2879 = LINE('',#2880,#2881);
#2880 = CARTESIAN_POINT('',(1.807179676972,-35.77279286186,
    17.506361155308));
#2881 = VECTOR('',#2882,1.);
#2882 = DIRECTION('',(-1.,0.,0.));
#2883 = PCURVE('',#887,#2884);
#2884 = DEFINITIONAL_REPRESENTATION('',(#2885),#2889);
#2885 = LINE('',#2886,#2887);
#2886 = CARTESIAN_POINT('',(-1.807179676972,-0.673020431039));
#2887 = VECTOR('',#2888,1.);
#2888 = DIRECTION('',(1.,0.));
#2889 = ( GEOMETRIC_REPRESENTATION_CONTEXT(2) 
PARAMETRIC_REPRESENTATION_CONTEXT() REPRESENTATION_CONTEXT('2D SPACE',''
  ) );
#2890 = PCURVE('',#1543,#2891);
#2891 = DEFINITIONAL_REPRESENTATION('',(#2892),#2896);
#2892 = LINE('',#2893,#2894);
#2893 = CARTESIAN_POINT('',(0.,-36.));
#2894 = VECTOR('',#2895,1.);
#2895 = DIRECTION('',(1.,0.));
#2896 = ( GEOMETRIC_REPRESENTATION_CONTEXT(2) 
PARAMETRIC_REPRESENTATION_CONTEXT() REPRESENTATION_CONTEXT('2D SPACE',''
  ) );
#2897 = ORIENTED_EDGE('',*,*,#2827,.T.);
#2898 = ADVANCED_FACE('',(#2899),#859,.F.);
#2899 = FACE_BOUND('',#2900,.F.);
#2900 = EDGE_LOOP('',(#2901,#2902,#2903,#2924));
#2901 = ORIENTED_EDGE('',*,*,#843,.F.);
#2902 = ORIENTED_EDGE('',*,*,#2854,.T.);
#2903 = ORIENTED_EDGE('',*,*,#2904,.T.);
#2904 = EDGE_CURVE('',#2855,#1528,#2905,.T.);
#2905 = SURFACE_CURVE('',#2906,(#2910,#2917),.PCURVE_S1.);
#2906 = LINE('',#2907,#2908);
#2907 = CARTESIAN_POINT('',(1.807179676972,-35.77279286186,
    17.506361155308));
#2908 = VECTOR('',#2909,1.);
#2909 = DIRECTION('',(0.,0.99756405026,-6.975647374413E-02));
#2910 = PCURVE('',#859,#2911);
#2911 = DEFINITIONAL_REPRESENTATION('',(#2912),#2916);
#2912 = LINE('',#2913,#2914);
#2913 = CARTESIAN_POINT('',(1.385640646055,-36.));
#2914 = VECTOR('',#2915,1.);
#2915 = DIRECTION('',(-0.,1.));
#2916 = ( GEOMETRIC_REPRESENTATION_CONTEXT(2) 
PARAMETRIC_REPRESENTATION_CONTEXT() REPRESENTATION_CONTEXT('2D SPACE',''
  ) );
#2917 = PCURVE('',#1543,#2918);
#2918 = DEFINITIONAL_REPRESENTATION('',(#2919),#2923);
#2919 = LINE('',#2920,#2921);
#2920 = CARTESIAN_POINT('',(0.,-36.));
#2921 = VECTOR('',#2922,1.);
#2922 = DIRECTION('',(0.,1.));
#2923 = ( GEOMETRIC_REPRESENTATION_CONTEXT(2) 
PARAMETRIC_REPRESENTATION_CONTEXT() REPRESENTATION_CONTEXT('2D SPACE',''
  ) );
#2924 = ORIENTED_EDGE('',*,*,#1554,.F.);
#2925 = ADVANCED_FACE('',(#2926),#808,.F.);
#2926 = FACE_BOUND('',#2927,.F.);
#2927 = EDGE_LOOP('',(#2928,#2951,#2972,#2973));
#2928 = ORIENTED_EDGE('',*,*,#2929,.T.);
#2929 = EDGE_CURVE('',#1576,#2930,#2932,.T.);
#2930 = VERTEX_POINT('',#2931);
#2931 = CARTESIAN_POINT('',(7.192820323028,-35.77279286186,
    17.506361155308));
#2932 = SURFACE_CURVE('',#2933,(#2937,#2944),.PCURVE_S1.);
#2933 = LINE('',#2934,#2935);
#2934 = CARTESIAN_POINT('',(7.192820323028,36.051818756842,
    12.483895045731));
#2935 = VECTOR('',#2936,1.);
#2936 = DIRECTION('',(0.,-0.99756405026,6.975647374413E-02));
#2937 = PCURVE('',#808,#2938);
#2938 = DEFINITIONAL_REPRESENTATION('',(#2939),#2943);
#2939 = LINE('',#2940,#2941);
#2940 = CARTESIAN_POINT('',(0.,36.));
#2941 = VECTOR('',#2942,1.);
#2942 = DIRECTION('',(0.,-1.));
#2943 = ( GEOMETRIC_REPRESENTATION_CONTEXT(2) 
PARAMETRIC_REPRESENTATION_CONTEXT() REPRESENTATION_CONTEXT('2D SPACE',''
  ) );
#2944 = PCURVE('',#1613,#2945);
#2945 = DEFINITIONAL_REPRESENTATION('',(#2946),#2950);
#2946 = LINE('',#2947,#2948);
#2947 = CARTESIAN_POINT('',(3.614359353945,36.));
#2948 = VECTOR('',#2949,1.);
#2949 = DIRECTION('',(0.,-1.));
#2950 = ( GEOMETRIC_REPRESENTATION_CONTEXT(2) 
PARAMETRIC_REPRESENTATION_CONTEXT() REPRESENTATION_CONTEXT('2D SPACE',''
  ) );
#2951 = ORIENTED_EDGE('',*,*,#2952,.T.);
#2952 = EDGE_CURVE('',#2930,#765,#2953,.T.);
#2953 = SURFACE_CURVE('',#2954,(#2958,#2965),.PCURVE_S1.);
#2954 = LINE('',#2955,#2956);
#2955 = CARTESIAN_POINT('',(7.192820323028,-35.77279286186,
    17.506361155308));
#2956 = VECTOR('',#2957,1.);
#2957 = DIRECTION('',(-0.5,6.041087834083E-02,0.863915809427));
#2958 = PCURVE('',#808,#2959);
#2959 = DEFINITIONAL_REPRESENTATION('',(#2960),#2964);
#2960 = LINE('',#2961,#2962);
#2961 = CARTESIAN_POINT('',(0.,-36.));
#2962 = VECTOR('',#2963,1.);
#2963 = DIRECTION('',(1.,0.));
#2964 = ( GEOMETRIC_REPRESENTATION_CONTEXT(2) 
PARAMETRIC_REPRESENTATION_CONTEXT() REPRESENTATION_CONTEXT('2D SPACE',''
  ) );
#2965 = PCURVE('',#780,#2966);
#2966 = DEFINITIONAL_REPRESENTATION('',(#2967),#2971);
#2967 = LINE('',#2968,#2969);
#2968 = CARTESIAN_POINT('',(1.807179676972,-0.673020431039));
#2969 = VECTOR('',#2970,1.);
#2970 = DIRECTION('',(0.5,0.866025403784));
#2971 = ( GEOMETRIC_REPRESENTATION_CONTEXT(2) 
PARAMETRIC_REPRESENTATION_CONTEXT() REPRESENTATION_CONTEXT('2D SPACE',''
  ) );
#2972 = ORIENTED_EDGE('',*,*,#792,.F.);
#2973 = ORIENTED_EDGE('',*,*,#1575,.F.);
#2974 = ADVANCED_FACE('',(#2975),#780,.T.);
#2975 = FACE_BOUND('',#2976,.T.);
#2976 = EDGE_LOOP('',(#2977,#2978,#3001,#3022));
#2977 = ORIENTED_EDGE('',*,*,#764,.T.);
#2978 = ORIENTED_EDGE('',*,*,#2979,.T.);
#2979 = EDGE_CURVE('',#737,#2980,#2982,.T.);
#2980 = VERTEX_POINT('',#2981);
#2981 = CARTESIAN_POINT('',(10.807179676972,-35.77279286186,
    17.506361155308));
#2982 = SURFACE_CURVE('',#2983,(#2987,#2994),.PCURVE_S1.);
#2983 = LINE('',#2984,#2985);
#2984 = CARTESIAN_POINT('',(11.5,-35.68908509337,18.70343801562));
#2985 = VECTOR('',#2986,1.);
#2986 = DIRECTION('',(-0.5,-6.041087834083E-02,-0.863915809427));
#2987 = PCURVE('',#780,#2988);
#2988 = DEFINITIONAL_REPRESENTATION('',(#2989),#2993);
#2989 = LINE('',#2990,#2991);
#2990 = CARTESIAN_POINT('',(-2.5,0.526979568961));
#2991 = VECTOR('',#2992,1.);
#2992 = DIRECTION('',(0.5,-0.866025403784));
#2993 = ( GEOMETRIC_REPRESENTATION_CONTEXT(2) 
PARAMETRIC_REPRESENTATION_CONTEXT() REPRESENTATION_CONTEXT('2D SPACE',''
  ) );
#2994 = PCURVE('',#752,#2995);
#2995 = DEFINITIONAL_REPRESENTATION('',(#2996),#3000);
#2996 = LINE('',#2997,#2998);
#2997 = CARTESIAN_POINT('',(0.,-36.));
#2998 = VECTOR('',#2999,1.);
#2999 = DIRECTION('',(1.,0.));
#3000 = ( GEOMETRIC_REPRESENTATION_CONTEXT(2) 
PARAMETRIC_REPRESENTATION_CONTEXT() REPRESENTATION_CONTEXT('2D SPACE',''
  ) );
#3001 = ORIENTED_EDGE('',*,*,#3002,.T.);
#3002 = EDGE_CURVE('',#2980,#2930,#3003,.T.);
#3003 = SURFACE_CURVE('',#3004,(#3008,#3015),.PCURVE_S1.);
#3004 = LINE('',#3005,#3006);
#3005 = CARTESIAN_POINT('',(10.807179676972,-35.77279286186,
    17.506361155308));
#3006 = VECTOR('',#3007,1.);
#3007 = DIRECTION('',(-1.,0.,0.));
#3008 = PCURVE('',#780,#3009);
#3009 = DEFINITIONAL_REPRESENTATION('',(#3010),#3014);
#3010 = LINE('',#3011,#3012);
#3011 = CARTESIAN_POINT('',(-1.807179676972,-0.673020431039));
#3012 = VECTOR('',#3013,1.);
#3013 = DIRECTION('',(1.,0.));
#3014 = ( GEOMETRIC_REPRESENTATION_CONTEXT(2) 
PARAMETRIC_REPRESENTATION_CONTEXT() REPRESENTATION_CONTEXT('2D SPACE',''
  ) );
#3015 = PCURVE('',#1613,#3016);
#3016 = DEFINITIONAL_REPRESENTATION('',(#3017),#3021);
#3017 = LINE('',#3018,#3019);
#3018 = CARTESIAN_POINT('',(0.,-36.));
#3019 = VECTOR('',#3020,1.);
#3020 = DIRECTION('',(1.,0.));
#3021 = ( GEOMETRIC_REPRESENTATION_CONTEXT(2) 
PARAMETRIC_REPRESENTATION_CONTEXT() REPRESENTATION_CONTEXT('2D SPACE',''
  ) );
#3022 = ORIENTED_EDGE('',*,*,#2952,.T.);
#3023 = ADVANCED_FACE('',(#3024),#752,.F.);
#3024 = FACE_BOUND('',#3025,.F.);
#3025 = EDGE_LOOP('',(#3026,#3027,#3028,#3049));
#3026 = ORIENTED_EDGE('',*,*,#736,.F.);
#3027 = ORIENTED_EDGE('',*,*,#2979,.T.);
#3028 = ORIENTED_EDGE('',*,*,#3029,.T.);
#3029 = EDGE_CURVE('',#2980,#1598,#3030,.T.);
#3030 = SURFACE_CURVE('',#3031,(#3035,#3042),.PCURVE_S1.);
#3031 = LINE('',#3032,#3033);
#3032 = CARTESIAN_POINT('',(10.807179676972,-35.77279286186,
    17.506361155308));
#3033 = VECTOR('',#3034,1.);
#3034 = DIRECTION('',(0.,0.99756405026,-6.975647374413E-02));
#3035 = PCURVE('',#752,#3036);
#3036 = DEFINITIONAL_REPRESENTATION('',(#3037),#3041);
#3037 = LINE('',#3038,#3039);
#3038 = CARTESIAN_POINT('',(1.385640646055,-36.));
#3039 = VECTOR('',#3040,1.);
#3040 = DIRECTION('',(-0.,1.));
#3041 = ( GEOMETRIC_REPRESENTATION_CONTEXT(2) 
PARAMETRIC_REPRESENTATION_CONTEXT() REPRESENTATION_CONTEXT('2D SPACE',''
  ) );
#3042 = PCURVE('',#1613,#3043);
#3043 = DEFINITIONAL_REPRESENTATION('',(#3044),#3048);
#3044 = LINE('',#3045,#3046);
#3045 = CARTESIAN_POINT('',(0.,-36.));
#3046 = VECTOR('',#3047,1.);
#3047 = DIRECTION('',(0.,1.));
#3048 = ( GEOMETRIC_REPRESENTATION_CONTEXT(2) 
PARAMETRIC_REPRESENTATION_CONTEXT() REPRESENTATION_CONTEXT('2D SPACE',''
  ) );
#3049 = ORIENTED_EDGE('',*,*,#1624,.F.);
#3050 = ADVANCED_FACE('',(#3051),#701,.F.);
#3051 = FACE_BOUND('',#3052,.F.);
#3052 = EDGE_LOOP('',(#3053,#3076,#3097,#3098));
#3053 = ORIENTED_EDGE('',*,*,#3054,.T.);
#3054 = EDGE_CURVE('',#1646,#3055,#3057,.T.);
#3055 = VERTEX_POINT('',#3056);
#3056 = CARTESIAN_POINT('',(16.192820323028,-35.77279286186,
    17.506361155308));
#3057 = SURFACE_CURVE('',#3058,(#3062,#3069),.PCURVE_S1.);
#3058 = LINE('',#3059,#3060);
#3059 = CARTESIAN_POINT('',(16.192820323028,36.051818756842,
    12.483895045731));
#3060 = VECTOR('',#3061,1.);
#3061 = DIRECTION('',(0.,-0.99756405026,6.975647374413E-02));
#3062 = PCURVE('',#701,#3063);
#3063 = DEFINITIONAL_REPRESENTATION('',(#3064),#3068);
#3064 = LINE('',#3065,#3066);
#3065 = CARTESIAN_POINT('',(0.,36.));
#3066 = VECTOR('',#3067,1.);
#3067 = DIRECTION('',(0.,-1.));
#3068 = ( GEOMETRIC_REPRESENTATION_CONTEXT(2) 
PARAMETRIC_REPRESENTATION_CONTEXT() REPRESENTATION_CONTEXT('2D SPACE',''
  ) );
#3069 = PCURVE('',#1683,#3070);
#3070 = DEFINITIONAL_REPRESENTATION('',(#3071),#3075);
#3071 = LINE('',#3072,#3073);
#3072 = CARTESIAN_POINT('',(3.614359353945,36.));
#3073 = VECTOR('',#3074,1.);
#3074 = DIRECTION('',(0.,-1.));
#3075 = ( GEOMETRIC_REPRESENTATION_CONTEXT(2) 
PARAMETRIC_REPRESENTATION_CONTEXT() REPRESENTATION_CONTEXT('2D SPACE',''
  ) );
#3076 = ORIENTED_EDGE('',*,*,#3077,.T.);
#3077 = EDGE_CURVE('',#3055,#658,#3078,.T.);
#3078 = SURFACE_CURVE('',#3079,(#3083,#3090),.PCURVE_S1.);
#3079 = LINE('',#3080,#3081);
#3080 = CARTESIAN_POINT('',(16.192820323028,-35.77279286186,
    17.506361155308));
#3081 = VECTOR('',#3082,1.);
#3082 = DIRECTION('',(-0.5,6.041087834083E-02,0.863915809427));
#3083 = PCURVE('',#701,#3084);
#3084 = DEFINITIONAL_REPRESENTATION('',(#3085),#3089);
#3085 = LINE('',#3086,#3087);
#3086 = CARTESIAN_POINT('',(0.,-36.));
#3087 = VECTOR('',#3088,1.);
#3088 = DIRECTION('',(1.,0.));
#3089 = ( GEOMETRIC_REPRESENTATION_CONTEXT(2) 
PARAMETRIC_REPRESENTATION_CONTEXT() REPRESENTATION_CONTEXT('2D SPACE',''
  ) );
#3090 = PCURVE('',#673,#3091);
#3091 = DEFINITIONAL_REPRESENTATION('',(#3092),#3096);
#3092 = LINE('',#3093,#3094);
#3093 = CARTESIAN_POINT('',(1.807179676972,-0.673020431039));
#3094 = VECTOR('',#3095,1.);
#3095 = DIRECTION('',(0.5,0.866025403784));
#3096 = ( GEOMETRIC_REPRESENTATION_CONTEXT(2) 
PARAMETRIC_REPRESENTATION_CONTEXT() REPRESENTATION_CONTEXT('2D SPACE',''
  ) );
#3097 = ORIENTED_EDGE('',*,*,#685,.F.);
#3098 = ORIENTED_EDGE('',*,*,#1645,.F.);
#3099 = ADVANCED_FACE('',(#3100),#673,.T.);
#3100 = FACE_BOUND('',#3101,.T.);
#3101 = EDGE_LOOP('',(#3102,#3103,#3126,#3147));
#3102 = ORIENTED_EDGE('',*,*,#657,.T.);
#3103 = ORIENTED_EDGE('',*,*,#3104,.T.);
#3104 = EDGE_CURVE('',#630,#3105,#3107,.T.);
#3105 = VERTEX_POINT('',#3106);
#3106 = CARTESIAN_POINT('',(19.807179676972,-35.77279286186,
    17.506361155308));
#3107 = SURFACE_CURVE('',#3108,(#3112,#3119),.PCURVE_S1.);
#3108 = LINE('',#3109,#3110);
#3109 = CARTESIAN_POINT('',(20.5,-35.68908509337,18.70343801562));
#3110 = VECTOR('',#3111,1.);
#3111 = DIRECTION('',(-0.5,-6.041087834083E-02,-0.863915809427));
#3112 = PCURVE('',#673,#3113);
#3113 = DEFINITIONAL_REPRESENTATION('',(#3114),#3118);
#3114 = LINE('',#3115,#3116);
#3115 = CARTESIAN_POINT('',(-2.5,0.526979568961));
#3116 = VECTOR('',#3117,1.);
#3117 = DIRECTION('',(0.5,-0.866025403784));
#3118 = ( GEOMETRIC_REPRESENTATION_CONTEXT(2) 
PARAMETRIC_REPRESENTATION_CONTEXT() REPRESENTATION_CONTEXT('2D SPACE',''
  ) );
#3119 = PCURVE('',#645,#3120);
#3120 = DEFINITIONAL_REPRESENTATION('',(#3121),#3125);
#3121 = LINE('',#3122,#3123);
#3122 = CARTESIAN_POINT('',(0.,-36.));
#3123 = VECTOR('',#3124,1.);
#3124 = DIRECTION('',(1.,0.));
#3125 = ( GEOMETRIC_REPRESENTATION_CONTEXT(2) 
PARAMETRIC_REPRESENTATION_CONTEXT() REPRESENTATION_CONTEXT('2D SPACE',''
  ) );
#3126 = ORIENTED_EDGE('',*,*,#3127,.T.);
#3127 = EDGE_CURVE('',#3105,#3055,#3128,.T.);
#3128 = SURFACE_CURVE('',#3129,(#3133,#3140),.PCURVE_S1.);
#3129 = LINE('',#3130,#3131);
#3130 = CARTESIAN_POINT('',(19.807179676972,-35.77279286186,
    17.506361155308));
#3131 = VECTOR('',#3132,1.);
#3132 = DIRECTION('',(-1.,0.,0.));
#3133 = PCURVE('',#673,#3134);
#3134 = DEFINITIONAL_REPRESENTATION('',(#3135),#3139);
#3135 = LINE('',#3136,#3137);
#3136 = CARTESIAN_POINT('',(-1.807179676972,-0.673020431039));
#3137 = VECTOR('',#3138,1.);
#3138 = DIRECTION('',(1.,0.));
#3139 = ( GEOMETRIC_REPRESENTATION_CONTEXT(2) 
PARAMETRIC_REPRESENTATION_CONTEXT() REPRESENTATION_CONTEXT('2D SPACE',''
  ) );
#3140 = PCURVE('',#1683,#3141);
#3141 = DEFINITIONAL_REPRESENTATION('',(#3142),#3146);
#3142 = LINE('',#3143,#3144);
#3143 = CARTESIAN_POINT('',(0.,-36.));
#3144 = VECTOR('',#3145,1.);
#3145 = DIRECTION('',(1.,0.));
#3146 = ( GEOMETRIC_REPRESENTATION_CONTEXT(2) 
PARAMETRIC_REPRESENTATION_CONTEXT() REPRESENTATION_CONTEXT('2D SPACE',''
  ) );
#3147 = ORIENTED_EDGE('',*,*,#3077,.T.);
#3148 = ADVANCED_FACE('',(#3149),#645,.F.);
#3149 = FACE_BOUND('',#3150,.F.);
#3150 = EDGE_LOOP('',(#3151,#3152,#3153,#3174));
#3151 = ORIENTED_EDGE('',*,*,#629,.F.);
#3152 = ORIENTED_EDGE('',*,*,#3104,.T.);
#3153 = ORIENTED_EDGE('',*,*,#3154,.T.);
#3154 = EDGE_CURVE('',#3105,#1668,#3155,.T.);
#3155 = SURFACE_CURVE('',#3156,(#3160,#3167),.PCURVE_S1.);
#3156 = LINE('',#3157,#3158);
#3157 = CARTESIAN_POINT('',(19.807179676972,-35.77279286186,
    17.506361155308));
#3158 = VECTOR('',#3159,1.);
#3159 = DIRECTION('',(0.,0.99756405026,-6.975647374413E-02));
#3160 = PCURVE('',#645,#3161);
#3161 = DEFINITIONAL_REPRESENTATION('',(#3162),#3166);
#3162 = LINE('',#3163,#3164);
#3163 = CARTESIAN_POINT('',(1.385640646055,-36.));
#3164 = VECTOR('',#3165,1.);
#3165 = DIRECTION('',(-0.,1.));
#3166 = ( GEOMETRIC_REPRESENTATION_CONTEXT(2) 
PARAMETRIC_REPRESENTATION_CONTEXT() REPRESENTATION_CONTEXT('2D SPACE',''
  ) );
#3167 = PCURVE('',#1683,#3168);
#3168 = DEFINITIONAL_REPRESENTATION('',(#3169),#3173);
#3169 = LINE('',#3170,#3171);
#3170 = CARTESIAN_POINT('',(0.,-36.));
#3171 = VECTOR('',#3172,1.);
#3172 = DIRECTION('',(0.,1.));
#3173 = ( GEOMETRIC_REPRESENTATION_CONTEXT(2) 
PARAMETRIC_REPRESENTATION_CONTEXT() REPRESENTATION_CONTEXT('2D SPACE',''
  ) );
#3174 = ORIENTED_EDGE('',*,*,#1694,.F.);
#3175 = ADVANCED_FACE('',(#3176),#594,.F.);
#3176 = FACE_BOUND('',#3177,.F.);
#3177 = EDGE_LOOP('',(#3178,#3201,#3222,#3223));
#3178 = ORIENTED_EDGE('',*,*,#3179,.T.);
#3179 = EDGE_CURVE('',#1716,#3180,#3182,.T.);
#3180 = VERTEX_POINT('',#3181);
#3181 = CARTESIAN_POINT('',(25.192820323028,-35.77279286186,
    17.506361155308));
#3182 = SURFACE_CURVE('',#3183,(#3187,#3194),.PCURVE_S1.);
#3183 = LINE('',#3184,#3185);
#3184 = CARTESIAN_POINT('',(25.192820323028,36.051818756842,
    12.483895045731));
#3185 = VECTOR('',#3186,1.);
#3186 = DIRECTION('',(0.,-0.99756405026,6.975647374413E-02));
#3187 = PCURVE('',#594,#3188);
#3188 = DEFINITIONAL_REPRESENTATION('',(#3189),#3193);
#3189 = LINE('',#3190,#3191);
#3190 = CARTESIAN_POINT('',(0.,36.));
#3191 = VECTOR('',#3192,1.);
#3192 = DIRECTION('',(0.,-1.));
#3193 = ( GEOMETRIC_REPRESENTATION_CONTEXT(2) 
PARAMETRIC_REPRESENTATION_CONTEXT() REPRESENTATION_CONTEXT('2D SPACE',''
  ) );
#3194 = PCURVE('',#1753,#3195);
#3195 = DEFINITIONAL_REPRESENTATION('',(#3196),#3200);
#3196 = LINE('',#3197,#3198);
#3197 = CARTESIAN_POINT('',(3.614359353945,36.));
#3198 = VECTOR('',#3199,1.);
#3199 = DIRECTION('',(0.,-1.));
#3200 = ( GEOMETRIC_REPRESENTATION_CONTEXT(2) 
PARAMETRIC_REPRESENTATION_CONTEXT() REPRESENTATION_CONTEXT('2D SPACE',''
  ) );
#3201 = ORIENTED_EDGE('',*,*,#3202,.T.);
#3202 = EDGE_CURVE('',#3180,#551,#3203,.T.);
#3203 = SURFACE_CURVE('',#3204,(#3208,#3215),.PCURVE_S1.);
#3204 = LINE('',#3205,#3206);
#3205 = CARTESIAN_POINT('',(25.192820323028,-35.77279286186,
    17.506361155308));
#3206 = VECTOR('',#3207,1.);
#3207 = DIRECTION('',(-0.5,6.041087834083E-02,0.863915809427));
#3208 = PCURVE('',#594,#3209);
#3209 = DEFINITIONAL_REPRESENTATION('',(#3210),#3214);
#3210 = LINE('',#3211,#3212);
#3211 = CARTESIAN_POINT('',(0.,-36.));
#3212 = VECTOR('',#3213,1.);
#3213 = DIRECTION('',(1.,0.));
#3214 = ( GEOMETRIC_REPRESENTATION_CONTEXT(2) 
PARAMETRIC_REPRESENTATION_CONTEXT() REPRESENTATION_CONTEXT('2D SPACE',''
  ) );
#3215 = PCURVE('',#566,#3216);
#3216 = DEFINITIONAL_REPRESENTATION('',(#3217),#3221);
#3217 = LINE('',#3218,#3219);
#3218 = CARTESIAN_POINT('',(1.807179676972,-0.673020431039));
#3219 = VECTOR('',#3220,1.);
#3220 = DIRECTION('',(0.5,0.866025403784));
#3221 = ( GEOMETRIC_REPRESENTATION_CONTEXT(2) 
PARAMETRIC_REPRESENTATION_CONTEXT() REPRESENTATION_CONTEXT('2D SPACE',''
  ) );
#3222 = ORIENTED_EDGE('',*,*,#578,.F.);
#3223 = ORIENTED_EDGE('',*,*,#1715,.F.);
#3224 = ADVANCED_FACE('',(#3225),#566,.T.);
#3225 = FACE_BOUND('',#3226,.T.);
#3226 = EDGE_LOOP('',(#3227,#3228,#3251,#3272));
#3227 = ORIENTED_EDGE('',*,*,#550,.T.);
#3228 = ORIENTED_EDGE('',*,*,#3229,.T.);
#3229 = EDGE_CURVE('',#523,#3230,#3232,.T.);
#3230 = VERTEX_POINT('',#3231);
#3231 = CARTESIAN_POINT('',(28.807179676972,-35.77279286186,
    17.506361155308));
#3232 = SURFACE_CURVE('',#3233,(#3237,#3244),.PCURVE_S1.);
#3233 = LINE('',#3234,#3235);
#3234 = CARTESIAN_POINT('',(29.5,-35.68908509337,18.70343801562));
#3235 = VECTOR('',#3236,1.);
#3236 = DIRECTION('',(-0.5,-6.041087834083E-02,-0.863915809427));
#3237 = PCURVE('',#566,#3238);
#3238 = DEFINITIONAL_REPRESENTATION('',(#3239),#3243);
#3239 = LINE('',#3240,#3241);
#3240 = CARTESIAN_POINT('',(-2.5,0.526979568961));
#3241 = VECTOR('',#3242,1.);
#3242 = DIRECTION('',(0.5,-0.866025403784));
#3243 = ( GEOMETRIC_REPRESENTATION_CONTEXT(2) 
PARAMETRIC_REPRESENTATION_CONTEXT() REPRESENTATION_CONTEXT('2D SPACE',''
  ) );
#3244 = PCURVE('',#538,#3245);
#3245 = DEFINITIONAL_REPRESENTATION('',(#3246),#3250);
#3246 = LINE('',#3247,#3248);
#3247 = CARTESIAN_POINT('',(0.,-36.));
#3248 = VECTOR('',#3249,1.);
#3249 = DIRECTION('',(1.,0.));
#3250 = ( GEOMETRIC_REPRESENTATION_CONTEXT(2) 
PARAMETRIC_REPRESENTATION_CONTEXT() REPRESENTATION_CONTEXT('2D SPACE',''
  ) );
#3251 = ORIENTED_EDGE('',*,*,#3252,.T.);
#3252 = EDGE_CURVE('',#3230,#3180,#3253,.T.);
#3253 = SURFACE_CURVE('',#3254,(#3258,#3265),.PCURVE_S1.);
#3254 = LINE('',#3255,#3256);
#3255 = CARTESIAN_POINT('',(28.807179676972,-35.77279286186,
    17.506361155308));
#3256 = VECTOR('',#3257,1.);
#3257 = DIRECTION('',(-1.,0.,0.));
#3258 = PCURVE('',#566,#3259);
#3259 = DEFINITIONAL_REPRESENTATION('',(#3260),#3264);
#3260 = LINE('',#3261,#3262);
#3261 = CARTESIAN_POINT('',(-1.807179676972,-0.673020431039));
#3262 = VECTOR('',#3263,1.);
#3263 = DIRECTION('',(1.,0.));
#3264 = ( GEOMETRIC_REPRESENTATION_CONTEXT(2) 
PARAMETRIC_REPRESENTATION_CONTEXT() REPRESENTATION_CONTEXT('2D SPACE',''
  ) );
#3265 = PCURVE('',#1753,#3266);
#3266 = DEFINITIONAL_REPRESENTATION('',(#3267),#3271);
#3267 = LINE('',#3268,#3269);
#3268 = CARTESIAN_POINT('',(0.,-36.));
#3269 = VECTOR('',#3270,1.);
#3270 = DIRECTION('',(1.,0.));
#3271 = ( GEOMETRIC_REPRESENTATION_CONTEXT(2) 
PARAMETRIC_REPRESENTATION_CONTEXT() REPRESENTATION_CONTEXT('2D SPACE',''
  ) );
#3272 = ORIENTED_EDGE('',*,*,#3202,.T.);
#3273 = ADVANCED_FACE('',(#3274),#538,.F.);
#3274 = FACE_BOUND('',#3275,.F.);
#3275 = EDGE_LOOP('',(#3276,#3277,#3278,#3299));
#3276 = ORIENTED_EDGE('',*,*,#522,.F.);
#3277 = ORIENTED_EDGE('',*,*,#3229,.T.);
#3278 = ORIENTED_EDGE('',*,*,#3279,.T.);
#3279 = EDGE_CURVE('',#3230,#1738,#3280,.T.);
#3280 = SURFACE_CURVE('',#3281,(#3285,#3292),.PCURVE_S1.);
#3281 = LINE('',#3282,#3283);
#3282 = CARTESIAN_POINT('',(28.807179676972,-35.77279286186,
    17.506361155308));
#3283 = VECTOR('',#3284,1.);
#3284 = DIRECTION('',(0.,0.99756405026,-6.975647374413E-02));
#3285 = PCURVE('',#538,#3286);
#3286 = DEFINITIONAL_REPRESENTATION('',(#3287),#3291);
#3287 = LINE('',#3288,#3289);
#3288 = CARTESIAN_POINT('',(1.385640646055,-36.));
#3289 = VECTOR('',#3290,1.);
#3290 = DIRECTION('',(-0.,1.));
#3291 = ( GEOMETRIC_REPRESENTATION_CONTEXT(2) 
PARAMETRIC_REPRESENTATION_CONTEXT() REPRESENTATION_CONTEXT('2D SPACE',''
  ) );
#3292 = PCURVE('',#1753,#3293);
#3293 = DEFINITIONAL_REPRESENTATION('',(#3294),#3298);
#3294 = LINE('',#3295,#3296);
#3295 = CARTESIAN_POINT('',(0.,-36.));
#3296 = VECTOR('',#3297,1.);
#3297 = DIRECTION('',(0.,1.));
#3298 = ( GEOMETRIC_REPRESENTATION_CONTEXT(2) 
PARAMETRIC_REPRESENTATION_CONTEXT() REPRESENTATION_CONTEXT('2D SPACE',''
  ) );
#3299 = ORIENTED_EDGE('',*,*,#1764,.F.);
#3300 = ADVANCED_FACE('',(#3301),#1333,.F.);
#3301 = FACE_BOUND('',#3302,.F.);
#3302 = EDGE_LOOP('',(#3303,#3304,#3305,#3306));
#3303 = ORIENTED_EDGE('',*,*,#2529,.F.);
#3304 = ORIENTED_EDGE('',*,*,#2502,.T.);
#3305 = ORIENTED_EDGE('',*,*,#2429,.F.);
#3306 = ORIENTED_EDGE('',*,*,#1317,.F.);
#3307 = ADVANCED_FACE('',(#3308),#1403,.F.);
#3308 = FACE_BOUND('',#3309,.F.);
#3309 = EDGE_LOOP('',(#3310,#3311,#3312,#3313));
#3310 = ORIENTED_EDGE('',*,*,#2654,.F.);
#3311 = ORIENTED_EDGE('',*,*,#2627,.T.);
#3312 = ORIENTED_EDGE('',*,*,#2554,.F.);
#3313 = ORIENTED_EDGE('',*,*,#1387,.F.);
#3314 = ADVANCED_FACE('',(#3315),#1473,.F.);
#3315 = FACE_BOUND('',#3316,.F.);
#3316 = EDGE_LOOP('',(#3317,#3318,#3319,#3320));
#3317 = ORIENTED_EDGE('',*,*,#2779,.F.);
#3318 = ORIENTED_EDGE('',*,*,#2752,.T.);
#3319 = ORIENTED_EDGE('',*,*,#2679,.F.);
#3320 = ORIENTED_EDGE('',*,*,#1457,.F.);
#3321 = ADVANCED_FACE('',(#3322),#1543,.F.);
#3322 = FACE_BOUND('',#3323,.F.);
#3323 = EDGE_LOOP('',(#3324,#3325,#3326,#3327));
#3324 = ORIENTED_EDGE('',*,*,#2904,.F.);
#3325 = ORIENTED_EDGE('',*,*,#2877,.T.);
#3326 = ORIENTED_EDGE('',*,*,#2804,.F.);
#3327 = ORIENTED_EDGE('',*,*,#1527,.F.);
#3328 = ADVANCED_FACE('',(#3329),#1613,.F.);
#3329 = FACE_BOUND('',#3330,.F.);
#3330 = EDGE_LOOP('',(#3331,#3332,#3333,#3334));
#3331 = ORIENTED_EDGE('',*,*,#3029,.F.);
#3332 = ORIENTED_EDGE('',*,*,#3002,.T.);
#3333 = ORIENTED_EDGE('',*,*,#2929,.F.);
#3334 = ORIENTED_EDGE('',*,*,#1597,.F.);
#3335 = ADVANCED_FACE('',(#3336),#1683,.F.);
#3336 = FACE_BOUND('',#3337,.F.);
#3337 = EDGE_LOOP('',(#3338,#3339,#3340,#3341));
#3338 = ORIENTED_EDGE('',*,*,#3154,.F.);
#3339 = ORIENTED_EDGE('',*,*,#3127,.T.);
#3340 = ORIENTED_EDGE('',*,*,#3054,.F.);
#3341 = ORIENTED_EDGE('',*,*,#1667,.F.);
#3342 = ADVANCED_FACE('',(#3343),#1753,.F.);
#3343 = FACE_BOUND('',#3344,.F.);
#3344 = EDGE_LOOP('',(#3345,#3346,#3347,#3348));
#3345 = ORIENTED_EDGE('',*,*,#3279,.F.);
#3346 = ORIENTED_EDGE('',*,*,#3252,.T.);
#3347 = ORIENTED_EDGE('',*,*,#3179,.F.);
#3348 = ORIENTED_EDGE('',*,*,#1737,.F.);
#3349 = ADVANCED_FACE('',(#3350),#2001,.T.);
#3350 = FACE_BOUND('',#3351,.T.);
#3351 = EDGE_LOOP('',(#3352,#3375,#3396,#3397));
#3352 = ORIENTED_EDGE('',*,*,#3353,.T.);
#3353 = EDGE_CURVE('',#2273,#3354,#3356,.T.);
#3354 = VERTEX_POINT('',#3355);
#3355 = CARTESIAN_POINT('',(32.6,-14.,0.));
#3356 = SURFACE_CURVE('',#3357,(#3361,#3368),.PCURVE_S1.);
#3357 = LINE('',#3358,#3359);
#3358 = CARTESIAN_POINT('',(35.,-14.,0.));
#3359 = VECTOR('',#3360,1.);
#3360 = DIRECTION('',(-1.,0.,0.));
#3361 = PCURVE('',#2001,#3362);
#3362 = DEFINITIONAL_REPRESENTATION('',(#3363),#3367);
#3363 = LINE('',#3364,#3365);
#3364 = CARTESIAN_POINT('',(0.,1.2));
#3365 = VECTOR('',#3366,1.);
#3366 = DIRECTION('',(0.,-1.));
#3367 = ( GEOMETRIC_REPRESENTATION_CONTEXT(2) 
PARAMETRIC_REPRESENTATION_CONTEXT() REPRESENTATION_CONTEXT('2D SPACE',''
  ) );
#3368 = PCURVE('',#2076,#3369);
#3369 = DEFINITIONAL_REPRESENTATION('',(#3370),#3374);
#3370 = LINE('',#3371,#3372);
#3371 = CARTESIAN_POINT('',(56.,68.8));
#3372 = VECTOR('',#3373,1.);
#3373 = DIRECTION('',(0.,-1.));
#3374 = ( GEOMETRIC_REPRESENTATION_CONTEXT(2) 
PARAMETRIC_REPRESENTATION_CONTEXT() REPRESENTATION_CONTEXT('2D SPACE',''
  ) );
#3375 = ORIENTED_EDGE('',*,*,#3376,.T.);
#3376 = EDGE_CURVE('',#3354,#1961,#3377,.T.);
#3377 = SURFACE_CURVE('',#3378,(#3382,#3389),.PCURVE_S1.);
#3378 = LINE('',#3379,#3380);
#3379 = CARTESIAN_POINT('',(32.6,-14.,0.));
#3380 = VECTOR('',#3381,1.);
#3381 = DIRECTION('',(0.,0.,1.));
#3382 = PCURVE('',#2001,#3383);
#3383 = DEFINITIONAL_REPRESENTATION('',(#3384),#3388);
#3384 = LINE('',#3385,#3386);
#3385 = CARTESIAN_POINT('',(0.,-1.2));
#3386 = VECTOR('',#3387,1.);
#3387 = DIRECTION('',(1.,0.));
#3388 = ( GEOMETRIC_REPRESENTATION_CONTEXT(2) 
PARAMETRIC_REPRESENTATION_CONTEXT() REPRESENTATION_CONTEXT('2D SPACE',''
  ) );
#3389 = PCURVE('',#1975,#3390);
#3390 = DEFINITIONAL_REPRESENTATION('',(#3391),#3395);
#3391 = LINE('',#3392,#3393);
#3392 = CARTESIAN_POINT('',(28.750940289657,-8.50264962395));
#3393 = VECTOR('',#3394,1.);
#3394 = DIRECTION('',(0.,1.));
#3395 = ( GEOMETRIC_REPRESENTATION_CONTEXT(2) 
PARAMETRIC_REPRESENTATION_CONTEXT() REPRESENTATION_CONTEXT('2D SPACE',''
  ) );
#3396 = ORIENTED_EDGE('',*,*,#1986,.F.);
#3397 = ORIENTED_EDGE('',*,*,#2295,.F.);
#3398 = ADVANCED_FACE('',(#3399),#1975,.F.);
#3399 = FACE_BOUND('',#3400,.F.);
#3400 = EDGE_LOOP('',(#3401,#3422,#3443,#3444));
#3401 = ORIENTED_EDGE('',*,*,#3402,.F.);
#3402 = EDGE_CURVE('',#3403,#1935,#3405,.T.);
#3403 = VERTEX_POINT('',#3404);
#3404 = CARTESIAN_POINT('',(32.6,-67.6,0.));
#3405 = SURFACE_CURVE('',#3406,(#3410,#3416),.PCURVE_S1.);
#3406 = LINE('',#3407,#3408);
#3407 = CARTESIAN_POINT('',(32.6,-67.6,13.614851055666));
#3408 = VECTOR('',#3409,1.);
#3409 = DIRECTION('',(0.,0.,1.));
#3410 = PCURVE('',#1975,#3411);
#3411 = DEFINITIONAL_REPRESENTATION('',(#3412),#3415);
#3412 = B_SPLINE_CURVE_WITH_KNOTS('',1,(#3413,#3414),.UNSPECIFIED.,.F.,
  .F.,(2,2),(-13.61485105566,5.112201431716),.PIECEWISE_BEZIER_KNOTS.);
#3413 = CARTESIAN_POINT('',(-24.84905971034,-8.50264962395));
#3414 = CARTESIAN_POINT('',(-24.84905971034,10.224402863431));
#3415 = ( GEOMETRIC_REPRESENTATION_CONTEXT(2) 
PARAMETRIC_REPRESENTATION_CONTEXT() REPRESENTATION_CONTEXT('2D SPACE',''
  ) );
#3416 = PCURVE('',#1949,#3417);
#3417 = DEFINITIONAL_REPRESENTATION('',(#3418),#3421);
#3418 = B_SPLINE_CURVE_WITH_KNOTS('',1,(#3419,#3420),.UNSPECIFIED.,.F.,
  .F.,(2,2),(-13.61485105566,5.112201431716),.PIECEWISE_BEZIER_KNOTS.);
#3419 = CARTESIAN_POINT('',(18.727052487381,-32.6));
#3420 = CARTESIAN_POINT('',(0.,-32.6));
#3421 = ( GEOMETRIC_REPRESENTATION_CONTEXT(2) 
PARAMETRIC_REPRESENTATION_CONTEXT() REPRESENTATION_CONTEXT('2D SPACE',''
  ) );
#3422 = ORIENTED_EDGE('',*,*,#3423,.T.);
#3423 = EDGE_CURVE('',#3403,#3354,#3424,.T.);
#3424 = SURFACE_CURVE('',#3425,(#3429,#3436),.PCURVE_S1.);
#3425 = LINE('',#3426,#3427);
#3426 = CARTESIAN_POINT('',(32.6,-70.,0.));
#3427 = VECTOR('',#3428,1.);
#3428 = DIRECTION('',(0.,1.,0.));
#3429 = PCURVE('',#1975,#3430);
#3430 = DEFINITIONAL_REPRESENTATION('',(#3431),#3435);
#3431 = LINE('',#3432,#3433);
#3432 = CARTESIAN_POINT('',(-27.24905971034,-8.50264962395));
#3433 = VECTOR('',#3434,1.);
#3434 = DIRECTION('',(1.,0.));
#3435 = ( GEOMETRIC_REPRESENTATION_CONTEXT(2) 
PARAMETRIC_REPRESENTATION_CONTEXT() REPRESENTATION_CONTEXT('2D SPACE',''
  ) );
#3436 = PCURVE('',#2076,#3437);
#3437 = DEFINITIONAL_REPRESENTATION('',(#3438),#3442);
#3438 = LINE('',#3439,#3440);
#3439 = CARTESIAN_POINT('',(0.,66.4));
#3440 = VECTOR('',#3441,1.);
#3441 = DIRECTION('',(1.,0.));
#3442 = ( GEOMETRIC_REPRESENTATION_CONTEXT(2) 
PARAMETRIC_REPRESENTATION_CONTEXT() REPRESENTATION_CONTEXT('2D SPACE',''
  ) );
#3443 = ORIENTED_EDGE('',*,*,#3376,.T.);
#3444 = ORIENTED_EDGE('',*,*,#1960,.F.);
#3445 = ADVANCED_FACE('',(#3446),#1949,.T.);
#3446 = FACE_BOUND('',#3447,.T.);
#3447 = EDGE_LOOP('',(#3448,#3449,#3472,#3491));
#3448 = ORIENTED_EDGE('',*,*,#3402,.F.);
#3449 = ORIENTED_EDGE('',*,*,#3450,.F.);
#3450 = EDGE_CURVE('',#3451,#3403,#3453,.T.);
#3451 = VERTEX_POINT('',#3452);
#3452 = CARTESIAN_POINT('',(-32.6,-67.6,0.));
#3453 = SURFACE_CURVE('',#3454,(#3458,#3465),.PCURVE_S1.);
#3454 = LINE('',#3455,#3456);
#3455 = CARTESIAN_POINT('',(-35.,-67.6,0.));
#3456 = VECTOR('',#3457,1.);
#3457 = DIRECTION('',(1.,0.,0.));
#3458 = PCURVE('',#1949,#3459);
#3459 = DEFINITIONAL_REPRESENTATION('',(#3460),#3464);
#3460 = LINE('',#3461,#3462);
#3461 = CARTESIAN_POINT('',(18.727052487381,35.));
#3462 = VECTOR('',#3463,1.);
#3463 = DIRECTION('',(0.,-1.));
#3464 = ( GEOMETRIC_REPRESENTATION_CONTEXT(2) 
PARAMETRIC_REPRESENTATION_CONTEXT() REPRESENTATION_CONTEXT('2D SPACE',''
  ) );
#3465 = PCURVE('',#2076,#3466);
#3466 = DEFINITIONAL_REPRESENTATION('',(#3467),#3471);
#3467 = LINE('',#3468,#3469);
#3468 = CARTESIAN_POINT('',(2.4,-1.2));
#3469 = VECTOR('',#3470,1.);
#3470 = DIRECTION('',(0.,1.));
#3471 = ( GEOMETRIC_REPRESENTATION_CONTEXT(2) 
PARAMETRIC_REPRESENTATION_CONTEXT() REPRESENTATION_CONTEXT('2D SPACE',''
  ) );
#3472 = ORIENTED_EDGE('',*,*,#3473,.T.);
#3473 = EDGE_CURVE('',#3451,#1909,#3474,.T.);
#3474 = SURFACE_CURVE('',#3475,(#3479,#3485),.PCURVE_S1.);
#3475 = LINE('',#3476,#3477);
#3476 = CARTESIAN_POINT('',(-32.6,-67.6,13.614851055666));
#3477 = VECTOR('',#3478,1.);
#3478 = DIRECTION('',(0.,0.,1.));
#3479 = PCURVE('',#1949,#3480);
#3480 = DEFINITIONAL_REPRESENTATION('',(#3481),#3484);
#3481 = B_SPLINE_CURVE_WITH_KNOTS('',1,(#3482,#3483),.UNSPECIFIED.,.F.,
  .F.,(2,2),(-13.61485105566,5.112201431716),.PIECEWISE_BEZIER_KNOTS.);
#3482 = CARTESIAN_POINT('',(18.727052487381,32.6));
#3483 = CARTESIAN_POINT('',(0.,32.6));
#3484 = ( GEOMETRIC_REPRESENTATION_CONTEXT(2) 
PARAMETRIC_REPRESENTATION_CONTEXT() REPRESENTATION_CONTEXT('2D SPACE',''
  ) );
#3485 = PCURVE('',#1923,#3486);
#3486 = DEFINITIONAL_REPRESENTATION('',(#3487),#3490);
#3487 = B_SPLINE_CURVE_WITH_KNOTS('',1,(#3488,#3489),.UNSPECIFIED.,.F.,
  .F.,(2,2),(-13.61485105566,5.112201431716),.PIECEWISE_BEZIER_KNOTS.);
#3488 = CARTESIAN_POINT('',(-24.84905971034,-8.50264962395));
#3489 = CARTESIAN_POINT('',(-24.84905971034,10.224402863431));
#3490 = ( GEOMETRIC_REPRESENTATION_CONTEXT(2) 
PARAMETRIC_REPRESENTATION_CONTEXT() REPRESENTATION_CONTEXT('2D SPACE',''
  ) );
#3491 = ORIENTED_EDGE('',*,*,#1934,.F.);
#3492 = ADVANCED_FACE('',(#3493),#1923,.T.);
#3493 = FACE_BOUND('',#3494,.T.);
#3494 = EDGE_LOOP('',(#3495,#3496,#3517,#3518));
#3495 = ORIENTED_EDGE('',*,*,#3473,.F.);
#3496 = ORIENTED_EDGE('',*,*,#3497,.T.);
#3497 = EDGE_CURVE('',#3451,#2038,#3498,.T.);
#3498 = SURFACE_CURVE('',#3499,(#3503,#3510),.PCURVE_S1.);
#3499 = LINE('',#3500,#3501);
#3500 = CARTESIAN_POINT('',(-32.6,-70.,0.));
#3501 = VECTOR('',#3502,1.);
#3502 = DIRECTION('',(0.,1.,0.));
#3503 = PCURVE('',#1923,#3504);
#3504 = DEFINITIONAL_REPRESENTATION('',(#3505),#3509);
#3505 = LINE('',#3506,#3507);
#3506 = CARTESIAN_POINT('',(-27.24905971034,-8.50264962395));
#3507 = VECTOR('',#3508,1.);
#3508 = DIRECTION('',(1.,0.));
#3509 = ( GEOMETRIC_REPRESENTATION_CONTEXT(2) 
PARAMETRIC_REPRESENTATION_CONTEXT() REPRESENTATION_CONTEXT('2D SPACE',''
  ) );
#3510 = PCURVE('',#2076,#3511);
#3511 = DEFINITIONAL_REPRESENTATION('',(#3512),#3516);
#3512 = LINE('',#3513,#3514);
#3513 = CARTESIAN_POINT('',(0.,1.2));
#3514 = VECTOR('',#3515,1.);
#3515 = DIRECTION('',(1.,0.));
#3516 = ( GEOMETRIC_REPRESENTATION_CONTEXT(2) 
PARAMETRIC_REPRESENTATION_CONTEXT() REPRESENTATION_CONTEXT('2D SPACE',''
  ) );
#3517 = ORIENTED_EDGE('',*,*,#2037,.T.);
#3518 = ORIENTED_EDGE('',*,*,#1908,.F.);
#3519 = ADVANCED_FACE('',(#3520),#2104,.F.);
#3520 = FACE_BOUND('',#3521,.F.);
#3521 = EDGE_LOOP('',(#3522,#3523,#3524,#3545));
#3522 = ORIENTED_EDGE('',*,*,#2172,.F.);
#3523 = ORIENTED_EDGE('',*,*,#2199,.T.);
#3524 = ORIENTED_EDGE('',*,*,#3525,.F.);
#3525 = EDGE_CURVE('',#2061,#2200,#3526,.T.);
#3526 = SURFACE_CURVE('',#3527,(#3531,#3538),.PCURVE_S1.);
#3527 = LINE('',#3528,#3529);
#3528 = CARTESIAN_POINT('',(-35.,-14.,0.));
#3529 = VECTOR('',#3530,1.);
#3530 = DIRECTION('',(0.,-1.,0.));
#3531 = PCURVE('',#2104,#3532);
#3532 = DEFINITIONAL_REPRESENTATION('',(#3533),#3537);
#3533 = LINE('',#3534,#3535);
#3534 = CARTESIAN_POINT('',(-13.94492328579,-56.94093745503));
#3535 = VECTOR('',#3536,1.);
#3536 = DIRECTION('',(-6.975647374413E-02,0.99756405026));
#3537 = ( GEOMETRIC_REPRESENTATION_CONTEXT(2) 
PARAMETRIC_REPRESENTATION_CONTEXT() REPRESENTATION_CONTEXT('2D SPACE',''
  ) );
#3538 = PCURVE('',#2076,#3539);
#3539 = DEFINITIONAL_REPRESENTATION('',(#3540),#3544);
#3540 = LINE('',#3541,#3542);
#3541 = CARTESIAN_POINT('',(56.,-1.2));
#3542 = VECTOR('',#3543,1.);
#3543 = DIRECTION('',(-1.,0.));
#3544 = ( GEOMETRIC_REPRESENTATION_CONTEXT(2) 
PARAMETRIC_REPRESENTATION_CONTEXT() REPRESENTATION_CONTEXT('2D SPACE',''
  ) );
#3545 = ORIENTED_EDGE('',*,*,#2088,.T.);
#3546 = ADVANCED_FACE('',(#3547),#2076,.T.);
#3547 = FACE_BOUND('',#3548,.T.);
#3548 = EDGE_LOOP('',(#3549,#3550,#3551,#3552,#3553,#3554,#3555,#3556));
#3549 = ORIENTED_EDGE('',*,*,#2222,.F.);
#3550 = ORIENTED_EDGE('',*,*,#3525,.F.);
#3551 = ORIENTED_EDGE('',*,*,#2060,.F.);
#3552 = ORIENTED_EDGE('',*,*,#3497,.F.);
#3553 = ORIENTED_EDGE('',*,*,#3450,.T.);
#3554 = ORIENTED_EDGE('',*,*,#3423,.T.);
#3555 = ORIENTED_EDGE('',*,*,#3353,.F.);
#3556 = ORIENTED_EDGE('',*,*,#2272,.T.);
#3557 = ADVANCED_FACE('',(#3558),#2341,.F.);
#3558 = FACE_BOUND('',#3559,.F.);
#3559 = EDGE_LOOP('',(#3560,#3582));
#3560 = ORIENTED_EDGE('',*,*,#3561,.T.);
#3561 = EDGE_CURVE('',#2324,#2326,#3562,.T.);
#3562 = SURFACE_CURVE('',#3563,(#3568,#3575),.PCURVE_S1.);
#3563 = CIRCLE('',#3564,0.6);
#3564 = AXIS2_PLACEMENT_3D('',#3565,#3566,#3567);
#3565 = CARTESIAN_POINT('',(35.,-22.,5.));
#3566 = DIRECTION('',(2.22044604925E-16,-1.,0.));
#3567 = DIRECTION('',(-1.836970198721E-16,-4.078893220341E-32,-1.));
#3568 = PCURVE('',#2341,#3569);
#3569 = DEFINITIONAL_REPRESENTATION('',(#3570),#3574);
#3570 = CIRCLE('',#3571,0.6);
#3571 = AXIS2_PLACEMENT_2D('',#3572,#3573);
#3572 = CARTESIAN_POINT('',(7.122084023643E-17,-1.111748413527E-17));
#3573 = DIRECTION('',(-1.836970198721E-16,-1.));
#3574 = ( GEOMETRIC_REPRESENTATION_CONTEXT(2) 
PARAMETRIC_REPRESENTATION_CONTEXT() REPRESENTATION_CONTEXT('2D SPACE',''
  ) );
#3575 = PCURVE('',#2368,#3576);
#3576 = DEFINITIONAL_REPRESENTATION('',(#3577),#3581);
#3577 = LINE('',#3578,#3579);
#3578 = CARTESIAN_POINT('',(4.712388980385,-20.));
#3579 = VECTOR('',#3580,1.);
#3580 = DIRECTION('',(1.,0.));
#3581 = ( GEOMETRIC_REPRESENTATION_CONTEXT(2) 
PARAMETRIC_REPRESENTATION_CONTEXT() REPRESENTATION_CONTEXT('2D SPACE',''
  ) );
#3582 = ORIENTED_EDGE('',*,*,#2323,.F.);
#3583 = ADVANCED_FACE('',(#3584),#2368,.T.);
#3584 = FACE_BOUND('',#3585,.T.);
#3585 = EDGE_LOOP('',(#3586,#3612,#3613,#3614));
#3586 = ORIENTED_EDGE('',*,*,#3587,.T.);
#3587 = EDGE_CURVE('',#2380,#2353,#3588,.T.);
#3588 = SURFACE_CURVE('',#3589,(#3594,#3601),.PCURVE_S1.);
#3589 = CIRCLE('',#3590,0.6);
#3590 = AXIS2_PLACEMENT_3D('',#3591,#3592,#3593);
#3591 = CARTESIAN_POINT('',(35.,-62.,5.));
#3592 = DIRECTION('',(-2.22044604925E-16,1.,0.));
#3593 = DIRECTION('',(6.123233995737E-17,1.359631073447E-32,1.));
#3594 = PCURVE('',#2368,#3595);
#3595 = DEFINITIONAL_REPRESENTATION('',(#3596),#3600);
#3596 = LINE('',#3597,#3598);
#3597 = CARTESIAN_POINT('',(7.853981633974,20.));
#3598 = VECTOR('',#3599,1.);
#3599 = DIRECTION('',(-1.,0.));
#3600 = ( GEOMETRIC_REPRESENTATION_CONTEXT(2) 
PARAMETRIC_REPRESENTATION_CONTEXT() REPRESENTATION_CONTEXT('2D SPACE',''
  ) );
#3601 = PCURVE('',#2395,#3602);
#3602 = DEFINITIONAL_REPRESENTATION('',(#3603),#3611);
#3603 = ( BOUNDED_CURVE() B_SPLINE_CURVE(2,(#3604,#3605,#3606,#3607,
#3608,#3609,#3610),.UNSPECIFIED.,.T.,.F.) B_SPLINE_CURVE_WITH_KNOTS((1,2
    ,2,2,2,1),(-2.094395102393,0.,2.094395102393,4.188790204786,
6.28318530718,8.377580409573),.UNSPECIFIED.) CURVE() 
GEOMETRIC_REPRESENTATION_ITEM() RATIONAL_B_SPLINE_CURVE((1.,0.5,1.,0.5,
1.,0.5,1.)) REPRESENTATION_ITEM('') );
#3604 = CARTESIAN_POINT('',(1.079602442108E-16,0.6));
#3605 = CARTESIAN_POINT('',(1.039230484541,0.6));
#3606 = CARTESIAN_POINT('',(0.519615242271,-0.3));
#3607 = CARTESIAN_POINT('',(1.446996481853E-16,-1.2));
#3608 = CARTESIAN_POINT('',(-0.519615242271,-0.3));
#3609 = CARTESIAN_POINT('',(-1.039230484541,0.6));
#3610 = CARTESIAN_POINT('',(1.079602442108E-16,0.6));
#3611 = ( GEOMETRIC_REPRESENTATION_CONTEXT(2) 
PARAMETRIC_REPRESENTATION_CONTEXT() REPRESENTATION_CONTEXT('2D SPACE',''
  ) );
#3612 = ORIENTED_EDGE('',*,*,#2352,.F.);
#3613 = ORIENTED_EDGE('',*,*,#3561,.T.);
#3614 = ORIENTED_EDGE('',*,*,#2406,.T.);
#3615 = ADVANCED_FACE('',(#3616),#2395,.T.);
#3616 = FACE_BOUND('',#3617,.T.);
#3617 = EDGE_LOOP('',(#3618,#3619));
#3618 = ORIENTED_EDGE('',*,*,#2379,.F.);
#3619 = ORIENTED_EDGE('',*,*,#3587,.F.);
#3620 = ( GEOMETRIC_REPRESENTATION_CONTEXT(3) 
GLOBAL_UNCERTAINTY_ASSIGNED_CONTEXT((#3624)) 
GLOBAL_UNIT_ASSIGNED_CONTEXT((#3621,#3622,#3623)) REPRESENTATION_CONTEXT
('Context #1','3D Context with UNIT and UNCERTAINTY') );
#3621 = ( LENGTH_UNIT() NAMED_UNIT(*) SI_UNIT(.MILLI.,.METRE.) );
#3622 = ( NAMED_UNIT(*) PLANE_ANGLE_UNIT() SI_UNIT($,.RADIAN.) );
#3623 = ( NAMED_UNIT(*) SI_UNIT($,.STERADIAN.) SOLID_ANGLE_UNIT() );
#3624 = UNCERTAINTY_MEASURE_WITH_UNIT(LENGTH_MEASURE(2.E-07),#3621,
  'distance_accuracy_value','confusion accuracy');
#3625 = CONTEXT_DEPENDENT_SHAPE_REPRESENTATION(#3626,#3628);
#3626 = ( REPRESENTATION_RELATIONSHIP('','',#32,#10) 
REPRESENTATION_RELATIONSHIP_WITH_TRANSFORMATION(#3627) 
SHAPE_REPRESENTATION_RELATIONSHIP() );
#3627 = ITEM_DEFINED_TRANSFORMATION('','',#11,#15);
#3628 = PRODUCT_DEFINITION_SHAPE('Placement','Placement of an item',
  #3629);
#3629 = NEXT_ASSEMBLY_USAGE_OCCURRENCE('2','=>[0:1:1:2]','',#5,#27,$);
#3630 = PRODUCT_RELATED_PRODUCT_CATEGORY('part',$,(#29));
ENDSEC;
END-ISO-10303-21;
